5/11/2014,Ashton,1,3376.431225,203,-0.078845146,0.600905833,0,0,0,1,,,
5/12/2014,Ashton,1,3975.755775,204,0.44163084,0.871219129,0,0,0,1,,,
5/13/2014,Ashton,1,4124.026437,204,-0.307193157,0.750725702,0,0,0,1,,,
5/14/2014,Ashton,1,3001.34102,204,-2.339490461,2.7857258,0,0,0,1,,,
5/15/2014,Ashton,1,2609.707369,204,-3.222173637,0.785152396,0,0,0,1,,,
5/16/2014,Ashton,1,2507.787604,204,-3.296189889,0.298715969,0,0,0,1,,,
5/17/2014,Ashton,1,2361.02758,204,-3.345009119,-0.697745545,0,0,0,1,,,
5/18/2014,Ashton,1,2488.48586,223,-2.885950875,-0.964233653,0,0,0,1,,,
5/19/2014,Ashton,1,2543.836015,223,-1.963897352,-1.777723667,0,0,0,1,,,
5/20/2014,Ashton,1,2947.334779,223,-0.20876729,-0.727709519,0,0,0,1,,,
5/21/2014,Ashton,1,3321.732903,223,0.555804845,0.503363535,0,0,0,1,,,
5/22/2014,Ashton,1,3227.515411,214,-0.276484287,-0.769149057,0,0,0,1,,,
5/23/2014,Ashton,1,3077.866397,214,-0.819007666,-1.349940125,0,0,0,1,,,
5/24/2014,Ashton,1,2930.519785,214,-1.009560145,-1.439194516,0,0,0,1,,,
5/25/2014,Ashton,1,3044.317688,219,-0.389870886,-1.505497777,0,0,0,1,,,
5/26/2014,Ashton,1,3390.150767,219,0.190448027,-0.543462956,0,0,0,1,,,
5/27/2014,Ashton,1,4038.015682,219,0.71407364,-0.360491456,0,0,0,1,,,
5/28/2014,Ashton,1,4127.311564,219,0.504623395,-0.450383378,0,0,0,1,,,
5/29/2014,Ashton,1,4026.516157,209,0.497536732,0.247075929,0,0,0,1,,,
5/30/2014,Ashton,1,4215.516463,209,0.80147581,-0.356666268,0,0,0,1,,,
5/31/2014,Ashton,1,4076.489516,209,0.519584126,-2.729557986,0,0,0,1,,,
6/1/2014,Ashton,1,4238.811284,196,0.476276745,-0.112491758,0,0,0,1,,,
6/2/2014,Ashton,1,4175.917243,196,0.027454791,1.976060974,0,0,0,1,,,
6/3/2014,Ashton,1,4403.252044,196,0.866830585,0.034140455,0,0,0,1,,,
6/4/2014,Ashton,1,4432.86268,196,0.306984253,0.899270509,0,0,0,1,,,
6/5/2014,Ashton,1,3887.731948,196,-0.515855996,-0.989734908,0,0,0,1,,,
6/6/2014,Ashton,1,3839.324088,196,-0.318216854,-1.159318249,0,0,0,1,,,
6/7/2014,Ashton,1,3905.346189,196,-0.126089562,-1.668068273,0,0,0,1,,,
6/8/2014,Ashton,1,4131.451404,238,-0.418217535,0.512288974,0,0,0,1,,,
6/9/2014,Ashton,1,3972.111447,238,-0.414280501,-0.064039374,0,0,0,1,,,
6/10/2014,Ashton,1,3780.760592,238,-0.459950103,2.1290685,0,0,0,1,,,
6/11/2014,Ashton,1,3842.216733,238,-0.13947548,1.586529314,0,0,0,1,,,
6/12/2014,Ashton,1,4055.833361,238,0.141628797,0.206911453,0,0,0,1,,,
6/13/2014,Ashton,1,3950.460541,238,-0.497745636,-1.440469578,0,0,0,1,,,
6/14/2014,Ashton,1,3609.876202,238,-1.138694883,-2.135378759,0,0,0,1,,,
6/15/2014,Ashton,1,4004.269394,242,-0.122939934,-0.9062183,0,0,0,1,,,
6/16/2014,Ashton,1,4537.316469,241,0.979429777,0.600268301,0,0,0,1,,,
6/17/2014,Ashton,1,5086.148887,241,1.363684363,-0.086352972,0,0,0,1,,,
6/18/2014,Ashton,1,5500.932416,241,1.509354646,0.058366646,0,0,0,1,,,
6/19/2014,Ashton,1,6099.561133,241,1.564473131,0.020752296,0,0,0,1,,,
6/20/2014,Ashton,1,6039.787616,241,1.257384426,0.600268301,0,0,0,1,,,
6/21/2014,Ashton,1,5813.815788,241,1.17155707,-0.243185686,0,0,0,1,,,
6/22/2014,Ashton,1,5966.145648,285,1.343999189,-0.520511827,0,0,0,1,,,
6/23/2014,Ashton,1,5828.985257,285,1.300691808,0.183960324,0,0,0,1,,,
6/24/2014,Ashton,1,5247.146291,285,0.62667147,1.328966645,0,0,0,1,,,
6/25/2014,Ashton,1,5331.497565,285,0.970768301,-0.243185686,0,0,0,1,,,
6/26/2014,Ashton,1,5358.174901,285,1.013288276,-0.591277808,0,0,0,1,,,
6/27/2014,Ashton,1,5311.057599,285,1.047934181,0.004176481,0,0,0,1,,,
6/28/2014,Ashton,1,5334.789238,285,0.859743923,1.161933429,0,0,0,1,,,
6/29/2014,Ashton,1,5422.253545,253,0.725097337,1.249912756,0,0,0,1,,,
6/30/2014,Ashton,1,5423.264278,253,1.100690446,1.118581296,0,0,0,1,,,
7/1/2014,Ashton,1,5696.983643,253,1.088091935,0.131045221,0,0,0,1,,,
7/2/2014,Ashton,1,5365.58652,253,0.405410121,0.027765141,0,0,0,1,,,
7/3/2014,Ashton,1,4525.356606,253,-0.805621748,0.071754805,0,0,0,1,,,
7/4/2014,Ashton,1,4160.990694,253,-0.516643402,-0.816963909,0,0,0,1,,,
7/5/2014,Ashton,1,4321.20231,249,-0.380422002,-1.203945444,0,0,0,1,,,
7/6/2014,Ashton,1,4905.315766,242,0.542418928,-0.526887141,0,0,0,1,,,
7/7/2014,Ashton,1,5096.264993,242,0.621947028,1.023589124,0,0,0,1,,,
7/8/2014,Ashton,1,5111.142543,242,0.736908441,0.406458768,0,0,0,1,,,
7/9/2014,Ashton,1,4807.217154,242,0.267613907,-0.309488948,0,0,0,1,,,
7/10/2014,Ashton,1,4609.44893,238,-0.011128149,-0.807400939,0,0,0,1,,,
7/11/2014,Ashton,1,4570.520863,238,0.109345112,-0.981447,0,0,0,1,,,
7/12/2014,Ashton,1,4875.134099,238,0.602261855,0.780052145,0,0,0,1,,,
7/13/2014,Ashton,1,5461.127903,236,1.595969409,0.227312457,0,0,0,1,,,
7/14/2014,Ashton,1,5577.878876,236,0.754231394,0.48678772,0,0,0,1,,,
7/15/2014,Ashton,1,5148.863958,236,-0.979638681,0.134232878,0,0,0,1,,,
7/16/2014,Ashton,1,4693.07096,236,-1.061529003,-0.489910322,0,0,0,1,,,
7/17/2014,Ashton,1,4471.936386,236,-0.862315048,-0.607216092,0,0,0,1,,,
7/18/2014,Ashton,1,3979.655689,236,-0.417430128,-0.92534424,0,0,0,1,,,
7/19/2014,Ashton,1,3844.961369,236,-0.87727578,0.999362932,0,0,0,1,,,
7/20/2014,Ashton,1,4228.573697,231,0.051076999,-0.127154979,0,0,0,1,,,
7/21/2014,Ashton,1,4410.814307,231,0.536907079,-0.649930693,0,0,0,1,,,
7/22/2014,Ashton,1,4843.377749,231,1.003051986,-0.464409068,0,0,0,1,,,
7/23/2014,Ashton,1,4798.972114,231,0.135329541,1.493449735,0,0,0,1,,,
7/24/2014,Ashton,1,4155.276031,231,-0.507194519,-0.311401542,0,0,0,1,,,
7/25/2014,Ashton,1,3979.446688,231,-0.893811325,-0.129705104,0,0,0,1,,,
7/26/2014,Ashton,1,4557.082979,231,0.876279469,1.156833178,0,0,0,1,,,
7/27/2014,Ashton,1,4691.810101,231,0.920374257,0.353543666,0,0,0,1,,,
7/28/2014,Ashton,1,4021.01252,231,-0.759164739,-0.215771838,0,0,0,1,,,
7/29/2014,Ashton,1,3686.828432,231,-0.945780183,-0.480984883,0,0,0,1,,,
7/30/2014,Ashton,1,3991.918555,231,-0.302468716,-0.204296273,0,0,0,1,,,
7/31/2014,Ashton,1,4288.836805,231,0.080998463,-0.370054427,0,0,0,1,,,
8/1/2014,Ashton,1,4305.838914,231,0.234542815,-0.236810373,0,0,0,1,,,
8/2/2014,Ashton,1,3952.787238,231,0.205408759,-0.213221712,0,0,0,1,,,
8/3/2014,Ashton,1,3829.136425,69,0.331393868,-0.800388094,0,0,0,1,,,
8/4/2014,Ashton,1,4291.642745,69,0.337693124,-0.664593915,0,0,0,1,,,
8/5/2014,Ashton,1,4309.165371,69,0.3463546,0.403908643,0,0,0,1,,,
8/6/2014,Ashton,1,4389.928781,69,0.301472405,1.117306234,0,0,0,1,,,
8/7/2014,Ashton,1,4052.756487,69,0.125093251,0.511651443,0,0,0,1,,,
8/8/2014,Ashton,1,3736.766709,69,-0.715857357,1.587804376,0,0,0,1,,,
8/9/2014,Ashton,1,3490.767551,69,0.240054664,1.74909981,0,0,0,1,,,
8/10/2014,Ashton,1,3547.136654,0,0.420370852,2.428708239,0,0,0,1,,,
8/11/2014,Ashton,1,3703.919491,0,0.574702612,1.590992033,0,0,0,1,,,
8/12/2014,Ashton,1,3383.506934,0,-0.406406431,0.204998859,0,0,0,1,,,
8/13/2014,Ashton,1,3369.353602,0,-0.420579756,-0.501385887,0,0,0,1,,,
8/14/2014,Ashton,1,3591.526627,0,0.261314651,-0.691370232,0,0,0,1,,,
8/15/2014,Ashton,1,3459.535544,0,-1.068615665,-1.790474294,0,0,0,1,,,
8/16/2014,Ashton,1,3474.60061,0,-0.359949422,0.95154808,0,0,0,1,,,
5/11/2014,Briscoe Quad,2,4972.850609,6,-0.078845146,0.600905833,0,0,1,0,,,
5/12/2014,Briscoe Quad,2,4786.607802,6,0.44163084,0.871219129,0,0,1,0,,,
5/13/2014,Briscoe Quad,2,4390.305211,6,-0.307193157,0.750725702,0,0,1,0,,,
5/14/2014,Briscoe Quad,2,3961.137537,6,-2.339490461,2.7857258,0,0,1,0,,,
5/15/2014,Briscoe Quad,2,3745.487333,6,-3.222173637,0.785152396,0,0,1,0,,,
5/16/2014,Briscoe Quad,2,3610.915729,6,-3.296189889,0.298715969,0,0,1,0,,,
5/17/2014,Briscoe Quad,2,3386.674639,6,-3.345009119,-0.697745545,0,0,1,0,,,
5/18/2014,Briscoe Quad,2,3401.323816,6,-2.885950875,-0.964233653,0,0,1,0,,,
5/19/2014,Briscoe Quad,2,3752.085605,6,-1.963897352,-1.777723667,0,0,1,0,,,
5/20/2014,Briscoe Quad,2,3919.200556,6,-0.20876729,-0.727709519,0,0,1,0,,,
5/21/2014,Briscoe Quad,2,4374.658689,6,0.555804845,0.503363535,0,0,1,0,,,
5/22/2014,Briscoe Quad,2,5781.883088,6,-0.276484287,-0.769149057,0,0,1,0,,,
5/23/2014,Briscoe Quad,2,5639.571524,6,-0.819007666,-1.349940125,0,0,1,0,,,
5/24/2014,Briscoe Quad,2,5297.374659,6,-1.009560145,-1.439194516,0,0,1,0,,,
5/25/2014,Briscoe Quad,2,5291.967144,6,-0.389870886,-1.505497777,0,0,1,0,,,
5/26/2014,Briscoe Quad,2,5430.738621,6,0.190448027,-0.543462956,0,0,1,0,,,
5/27/2014,Briscoe Quad,2,5573.520226,6,0.71407364,-0.360491456,0,0,1,0,,,
5/28/2014,Briscoe Quad,2,5230.879636,6,0.504623395,-0.450383378,0,0,1,0,,,
5/29/2014,Briscoe Quad,2,5471.857638,6,0.497536732,0.247075929,0,0,1,0,,,
5/30/2014,Briscoe Quad,2,5421.134819,6,0.80147581,-0.356666268,0,0,1,0,,,
5/31/2014,Briscoe Quad,2,5343.4451,6,0.519584126,-2.729557986,0,0,1,0,,,
6/1/2014,Briscoe Quad,2,5385.165918,7,0.476276745,-0.112491758,0,0,1,0,,,
6/2/2014,Briscoe Quad,2,5623.680994,7,0.027454791,1.976060974,0,0,1,0,,,
6/3/2014,Briscoe Quad,2,5440.855329,7,0.866830585,0.034140455,0,0,1,0,,,
6/4/2014,Briscoe Quad,2,5210.438272,7,0.306984253,0.899270509,0,0,1,0,,,
6/5/2014,Briscoe Quad,2,5459.959703,7,-0.515855996,-0.989734908,0,0,1,0,,,
6/6/2014,Briscoe Quad,2,5522.205876,7,-0.318216854,-1.159318249,0,0,1,0,,,
6/7/2014,Briscoe Quad,2,5334.782337,35,-0.126089562,-1.668068273,0,0,1,0,,,
6/8/2014,Briscoe Quad,2,5385.804824,53,-0.418217535,0.512288974,0,0,1,0,,,
6/9/2014,Briscoe Quad,2,5670.249454,53,-0.414280501,-0.064039374,0,0,1,0,,,
6/10/2014,Briscoe Quad,2,5712.160186,53,-0.459950103,2.1290685,0,0,1,0,,,
6/11/2014,Briscoe Quad,2,5730.122158,185,-0.13947548,1.586529314,0,0,1,0,,,
6/12/2014,Briscoe Quad,2,5793.674294,185,0.141628797,0.206911453,0,0,1,0,,,
6/13/2014,Briscoe Quad,2,5875.168055,235,-0.497745636,-1.440469578,0,0,1,0,,,
6/14/2014,Briscoe Quad,2,5530.926122,216,-1.138694883,-2.135378759,0,0,1,0,,,
6/15/2014,Briscoe Quad,2,5335.404948,85,-0.122939934,-0.9062183,0,0,1,0,,,
6/16/2014,Briscoe Quad,2,5203.849426,35,0.979429777,0.600268301,0,0,1,0,,,
6/17/2014,Briscoe Quad,2,5298.641213,35,1.363684363,-0.086352972,0,0,1,0,,,
6/18/2014,Briscoe Quad,2,5578.330619,7,1.509354646,0.058366646,0,0,1,0,,,
6/19/2014,Briscoe Quad,2,5816.479492,7,1.564473131,0.020752296,0,0,1,0,,,
6/20/2014,Briscoe Quad,2,5735.89867,7,1.257384426,0.600268301,0,0,1,0,,,
6/21/2014,Briscoe Quad,2,5549.28494,11,1.17155707,-0.243185686,0,0,1,0,,,
6/22/2014,Briscoe Quad,2,5603.106831,45,1.343999189,-0.520511827,0,0,1,0,,,
6/23/2014,Briscoe Quad,2,5604.304051,118,1.300691808,0.183960324,0,0,1,0,,,
6/24/2014,Briscoe Quad,2,5548.221898,146,0.62667147,1.328966645,0,0,1,0,,,
6/25/2014,Briscoe Quad,2,5613.209205,186,0.970768301,-0.243185686,0,0,1,0,,,
6/26/2014,Briscoe Quad,2,5864.320048,456,1.013288276,-0.591277808,0,0,1,0,,,
6/27/2014,Briscoe Quad,2,5970.948942,464,1.047934181,0.004176481,0,0,1,0,,,
6/28/2014,Briscoe Quad,2,5857.493663,536,0.859743923,1.161933429,0,0,1,0,,,
6/29/2014,Briscoe Quad,2,5801.642159,532,0.725097337,1.249912756,0,0,1,0,,,
6/30/2014,Briscoe Quad,2,5899.668385,107,1.100690446,1.118581296,0,0,1,0,,,
7/1/2014,Briscoe Quad,2,5685.285572,107,1.088091935,0.131045221,0,0,1,0,,,
7/2/2014,Briscoe Quad,2,5705.978474,107,0.405410121,0.027765141,0,0,1,0,,,
7/3/2014,Briscoe Quad,2,5597.995282,108,-0.805621748,0.071754805,0,0,1,0,,,
7/4/2014,Briscoe Quad,2,5584.758304,108,-0.516643402,-0.816963909,0,0,1,0,,,
7/5/2014,Briscoe Quad,2,5635.396104,124,-0.380422002,-1.203945444,0,0,1,0,,,
7/6/2014,Briscoe Quad,2,5675.25648,84,0.542418928,-0.526887141,0,0,1,0,,,
7/7/2014,Briscoe Quad,2,5836.210549,106,0.621947028,1.023589124,0,0,1,0,,,
7/8/2014,Briscoe Quad,2,5922.172975,342,0.736908441,0.406458768,0,0,1,0,,,
7/9/2014,Briscoe Quad,2,5876.924942,343,0.267613907,-0.309488948,0,0,1,0,,,
7/10/2014,Briscoe Quad,2,5845.319781,343,-0.011128149,-0.807400939,0,0,1,0,,,
7/11/2014,Briscoe Quad,2,5836.772599,83,0.109345112,-0.981447,0,0,1,0,,,
7/12/2014,Briscoe Quad,2,5555.68182,84,0.602261855,0.780052145,0,0,1,0,,,
7/13/2014,Briscoe Quad,2,5674.694223,239,1.595969409,0.227312457,0,0,1,0,,,
7/14/2014,Briscoe Quad,2,6353.365551,488,0.754231394,0.48678772,0,0,1,0,,,
7/15/2014,Briscoe Quad,2,6302.483652,488,-0.979638681,0.134232878,0,0,1,0,,,
7/16/2014,Briscoe Quad,2,6152.955677,488,-1.061529003,-0.489910322,0,0,1,0,,,
7/17/2014,Briscoe Quad,2,6060.76788,488,-0.862315048,-0.607216092,0,0,1,0,,,
7/18/2014,Briscoe Quad,2,6074.398726,591,-0.417430128,-0.92534424,0,0,1,0,,,
7/19/2014,Briscoe Quad,2,5781.065864,602,-0.87727578,0.999362932,0,0,1,0,,,
7/20/2014,Briscoe Quad,2,5426.75948,390,0.051076999,-0.127154979,0,0,1,0,,,
7/21/2014,Briscoe Quad,2,5750.897582,296,0.536907079,-0.649930693,0,0,1,0,,,
7/22/2014,Briscoe Quad,2,5803.607682,340,1.003051986,-0.464409068,0,0,1,0,,,
7/23/2014,Briscoe Quad,2,5879.630473,114,0.135329541,1.493449735,0,0,1,0,,,
7/24/2014,Briscoe Quad,2,5579.425423,122,-0.507194519,-0.311401542,0,0,1,0,,,
7/25/2014,Briscoe Quad,2,5600.454232,357,-0.893811325,-0.129705104,0,0,1,0,,,
7/26/2014,Briscoe Quad,2,5513.357752,360,0.876279469,1.156833178,0,0,1,0,,,
7/27/2014,Briscoe Quad,2,5447.178671,360,0.920374257,0.353543666,0,0,1,0,,,
7/28/2014,Briscoe Quad,2,5683.775134,354,-0.759164739,-0.215771838,0,0,1,0,,,
7/29/2014,Briscoe Quad,2,5665.28672,18,-0.945780183,-0.480984883,0,0,1,0,,,
7/30/2014,Briscoe Quad,2,5699.620681,7,-0.302468716,-0.204296273,0,0,1,0,,,
7/31/2014,Briscoe Quad,2,5617.704978,7,0.080998463,-0.370054427,0,0,1,0,,,
8/1/2014,Briscoe Quad,2,5447.780006,7,0.234542815,-0.236810373,0,0,1,0,,,
8/2/2014,Briscoe Quad,2,5252.674587,7,0.205408759,-0.213221712,0,0,1,0,,,
8/3/2014,Briscoe Quad,2,5233.441473,1,0.331393868,-0.800388094,0,0,1,0,,,
8/4/2014,Briscoe Quad,2,5400.585838,1,0.337693124,-0.664593915,0,0,1,0,,,
8/5/2014,Briscoe Quad,2,5540.975076,1,0.3463546,0.403908643,0,0,1,0,,,
8/6/2014,Briscoe Quad,2,5518.066046,1,0.301472405,1.117306234,0,0,1,0,,,
8/7/2014,Briscoe Quad,2,5486.328972,1,0.125093251,0.511651443,0,0,1,0,,,
8/8/2014,Briscoe Quad,2,5449.780179,1,-0.715857357,1.587804376,0,0,1,0,,,
8/9/2014,Briscoe Quad,2,5144.614257,1,0.240054664,1.74909981,0,0,1,0,,,
8/10/2014,Briscoe Quad,2,5312.646736,0,0.420370852,2.428708239,0,0,1,0,,,
8/11/2014,Briscoe Quad,2,5535.96673,0,0.574702612,1.590992033,0,0,1,0,,,
8/12/2014,Briscoe Quad,2,5526.686244,0,-0.406406431,0.204998859,0,0,1,0,,,
8/13/2014,Briscoe Quad,2,5591.17999,0,-0.420579756,-0.501385887,0,0,1,0,,,
8/14/2014,Briscoe Quad,2,5600.578399,0,0.261314651,-0.691370232,0,0,1,0,,,
8/15/2014,Briscoe Quad,2,5675.174094,0,-1.068615665,-1.790474294,0,0,1,0,,,
8/16/2014,Briscoe Quad,2,5575.76388,0,-0.359949422,0.95154808,0,0,1,0,,,
5/11/2014,Forest Quad,3,8370.542677,9,-0.078845146,0.600905833,1,1,0,0,,,
5/12/2014,Forest Quad,3,8896.036575,9,0.44163084,0.871219129,1,1,0,0,,,
5/13/2014,Forest Quad,3,8213.383036,9,-0.307193157,0.750725702,1,1,0,0,,,
5/14/2014,Forest Quad,3,6330.07319,9,-2.339490461,2.7857258,1,1,0,0,,,
5/15/2014,Forest Quad,3,5609.859149,9,-3.222173637,0.785152396,1,1,0,0,,,
5/16/2014,Forest Quad,3,5818.476543,9,-3.296189889,0.298715969,1,1,0,0,,,
5/17/2014,Forest Quad,3,5507.035925,9,-3.345009119,-0.697745545,1,1,0,0,,,
5/18/2014,Forest Quad,3,5419.855768,9,-2.885950875,-0.964233653,1,1,0,0,,,
5/19/2014,Forest Quad,3,5894.250819,9,-1.963897352,-1.777723667,1,1,0,0,,,
5/20/2014,Forest Quad,3,6847.035112,9,-0.20876729,-0.727709519,1,1,0,0,,,
5/21/2014,Forest Quad,3,7033.017933,9,0.555804845,0.503363535,1,1,0,0,,,
5/22/2014,Forest Quad,3,7501.545158,9,-0.276484287,-0.769149057,1,1,0,0,,,
5/23/2014,Forest Quad,3,7010.306833,9,-0.819007666,-1.349940125,1,1,0,0,,,
5/24/2014,Forest Quad,3,6505.963491,9,-1.009560145,-1.439194516,1,1,0,0,,,
5/25/2014,Forest Quad,3,6655.035879,9,-0.389870886,-1.505497777,1,1,0,0,,,
5/26/2014,Forest Quad,3,7206.647725,9,0.190448027,-0.543462956,1,1,0,0,,,
5/27/2014,Forest Quad,3,8113.190557,9,0.71407364,-0.360491456,1,1,0,0,,,
5/28/2014,Forest Quad,3,7990.365921,9,0.504623395,-0.450383378,1,1,0,0,,,
5/29/2014,Forest Quad,3,8157.186283,9,0.497536732,0.247075929,1,1,0,0,,,
5/30/2014,Forest Quad,3,8035.866277,9,0.80147581,-0.356666268,1,1,0,0,,,
5/31/2014,Forest Quad,3,7322.858893,9,0.519584126,-2.729557986,1,1,0,0,,,
6/1/2014,Forest Quad,3,7435.525234,9,0.476276745,-0.112491758,1,1,0,0,,,
6/2/2014,Forest Quad,3,7771.789458,9,0.027454791,1.976060974,1,1,0,0,,,
6/3/2014,Forest Quad,3,8329.718006,9,0.866830585,0.034140455,1,1,0,0,,,
6/4/2014,Forest Quad,3,8100.438911,9,0.306984253,0.899270509,1,1,0,0,,,
6/5/2014,Forest Quad,3,8281.502371,9,-0.515855996,-0.989734908,1,1,0,0,,,
6/6/2014,Forest Quad,3,8230.403785,9,-0.318216854,-1.159318249,1,1,0,0,,,
6/7/2014,Forest Quad,3,7782.15741,9,-0.126089562,-1.668068273,1,1,0,0,,,
6/8/2014,Forest Quad,3,7749.437733,9,-0.418217535,0.512288974,1,1,0,0,,,
6/9/2014,Forest Quad,3,8839.246074,9,-0.414280501,-0.064039374,1,1,0,0,,,
6/10/2014,Forest Quad,3,8971.541081,9,-0.459950103,2.1290685,1,1,0,0,,,
6/11/2014,Forest Quad,3,9505.624975,9,-0.13947548,1.586529314,1,1,0,0,,,
6/12/2014,Forest Quad,3,9590.077955,9,0.141628797,0.206911453,1,1,0,0,,,
6/13/2014,Forest Quad,3,8837.239362,9,-0.497745636,-1.440469578,1,1,0,0,,,
6/14/2014,Forest Quad,3,8489.069318,33,-1.138694883,-2.135378759,1,1,0,0,,,
6/15/2014,Forest Quad,3,9165.460352,366,-0.122939934,-0.9062183,1,1,0,0,,,
6/16/2014,Forest Quad,3,10620.42714,367,0.979429777,0.600268301,1,1,0,0,,,
6/17/2014,Forest Quad,3,10963.28303,367,1.363684363,-0.086352972,1,1,0,0,,,
6/18/2014,Forest Quad,3,11651.48505,367,1.509354646,0.058366646,1,1,0,0,,,
6/19/2014,Forest Quad,3,11867.79909,367,1.564473131,0.020752296,1,1,0,0,,,
6/20/2014,Forest Quad,3,12083.57415,240,1.257384426,0.600268301,1,1,0,0,,,
6/21/2014,Forest Quad,3,11532.75891,322,1.17155707,-0.243185686,1,1,0,0,,,
6/22/2014,Forest Quad,3,11286.79138,211,1.343999189,-0.520511827,1,1,0,0,,,
6/23/2014,Forest Quad,3,11290.16904,208,1.300691808,0.183960324,1,1,0,0,,,
6/24/2014,Forest Quad,3,10822.5991,208,0.62667147,1.328966645,1,1,0,0,,,
6/25/2014,Forest Quad,3,11044.3854,208,0.970768301,-0.243185686,1,1,0,0,,,
6/26/2014,Forest Quad,3,10964.53418,208,1.013288276,-0.591277808,1,1,0,0,,,
6/27/2014,Forest Quad,3,10915.79835,119,1.047934181,0.004176481,1,1,0,0,,,
6/28/2014,Forest Quad,3,10684.25512,100,0.859743923,1.161933429,1,1,0,0,,,
6/29/2014,Forest Quad,3,10961.80921,98,0.725097337,1.249912756,1,1,0,0,,,
6/30/2014,Forest Quad,3,10950.85869,98,1.100690446,1.118581296,1,1,0,0,,,
7/1/2014,Forest Quad,3,10899.85024,98,1.088091935,0.131045221,1,1,0,0,,,
7/2/2014,Forest Quad,3,10380.287,98,0.405410121,0.027765141,1,1,0,0,,,
7/3/2014,Forest Quad,3,8270.364168,98,-0.805621748,0.071754805,1,1,0,0,,,
7/4/2014,Forest Quad,3,7898.861295,98,-0.516643402,-0.816963909,1,1,0,0,,,
7/5/2014,Forest Quad,3,8000.363764,98,-0.380422002,-1.203945444,1,1,0,0,,,
7/6/2014,Forest Quad,3,8707.577597,97,0.542418928,-0.526887141,1,1,0,0,,,
7/7/2014,Forest Quad,3,10233.97245,97,0.621947028,1.023589124,1,1,0,0,,,
7/8/2014,Forest Quad,3,10404.41453,97,0.736908441,0.406458768,1,1,0,0,,,
7/9/2014,Forest Quad,3,10326.46526,97,0.267613907,-0.309488948,1,1,0,0,,,
7/10/2014,Forest Quad,3,9988.66288,94,-0.011128149,-0.807400939,1,1,0,0,,,
7/11/2014,Forest Quad,3,9816.979369,94,0.109345112,-0.981447,1,1,0,0,,,
7/12/2014,Forest Quad,3,10254.68621,94,0.602261855,0.780052145,1,1,0,0,,,
7/13/2014,Forest Quad,3,11128.48465,246,1.595969409,0.227312457,1,1,0,0,,,
7/14/2014,Forest Quad,3,10911.09096,246,0.754231394,0.48678772,1,1,0,0,,,
7/15/2014,Forest Quad,3,9626.89986,246,-0.979638681,0.134232878,1,1,0,0,,,
7/16/2014,Forest Quad,3,9381.47667,246,-1.061529003,-0.489910322,1,1,0,0,,,
7/17/2014,Forest Quad,3,9451.214044,246,-0.862315048,-0.607216092,1,1,0,0,,,
7/18/2014,Forest Quad,3,9332.285921,246,-0.417430128,-0.92534424,1,1,0,0,,,
7/19/2014,Forest Quad,3,8900.559493,94,-0.87727578,0.999362932,1,1,0,0,,,
7/20/2014,Forest Quad,3,9595.154511,8,0.051076999,-0.127154979,1,1,0,0,,,
7/21/2014,Forest Quad,3,10403.31043,16,0.536907079,-0.649930693,1,1,0,0,,,
7/22/2014,Forest Quad,3,10837.00566,16,1.003051986,-0.464409068,1,1,0,0,,,
7/23/2014,Forest Quad,3,10182.28435,8,0.135329541,1.493449735,1,1,0,0,,,
7/24/2014,Forest Quad,3,9040.247939,8,-0.507194519,-0.311401542,1,1,0,0,,,
7/25/2014,Forest Quad,3,8834.947853,8,-0.893811325,-0.129705104,1,1,0,0,,,
7/26/2014,Forest Quad,3,9477.196843,8,0.876279469,1.156833178,1,1,0,0,,,
7/27/2014,Forest Quad,3,9574.022021,8,0.920374257,0.353543666,1,1,0,0,,,
7/28/2014,Forest Quad,3,8314.725898,8,-0.759164739,-0.215771838,1,1,0,0,,,
7/29/2014,Forest Quad,3,7085.689798,8,-0.945780183,-0.480984883,1,1,0,0,,,
7/30/2014,Forest Quad,3,7636.133602,8,-0.302468716,-0.204296273,1,1,0,0,,,
7/31/2014,Forest Quad,3,8260.738601,8,0.080998463,-0.370054427,1,1,0,0,,,
8/1/2014,Forest Quad,3,8305.541204,8,0.234542815,-0.236810373,1,1,0,0,,,
8/2/2014,Forest Quad,3,7707.4351,8,0.205408759,-0.213221712,1,1,0,0,,,
8/3/2014,Forest Quad,3,7816.279927,0,0.331393868,-0.800388094,1,1,0,0,,,
8/4/2014,Forest Quad,3,8333.478191,0,0.337693124,-0.664593915,1,1,0,0,,,
8/5/2014,Forest Quad,3,8677.067164,0,0.3463546,0.403908643,1,1,0,0,,,
8/6/2014,Forest Quad,3,8878.787294,0,0.301472405,1.117306234,1,1,0,0,,,
8/7/2014,Forest Quad,3,8220.433434,0,0.125093251,0.511651443,1,1,0,0,,,
8/8/2014,Forest Quad,3,7739.778036,0,-0.715857357,1.587804376,1,1,0,0,,,
8/9/2014,Forest Quad,3,7952.804861,0,0.240054664,1.74909981,1,1,0,0,,,
8/10/2014,Forest Quad,3,8531.595759,0,0.420370852,2.428708239,1,1,0,0,,,
8/11/2014,Forest Quad,3,9220.44436,0,0.574702612,1.590992033,1,1,0,0,,,
8/12/2014,Forest Quad,3,8490.481491,0,-0.406406431,0.204998859,1,1,0,0,,,
8/13/2014,Forest Quad,3,8224.141525,0,-0.420579756,-0.501385887,1,1,0,0,,,
8/14/2014,Forest Quad,3,8491.674188,0,0.261314651,-0.691370232,1,1,0,0,,,
8/15/2014,Forest Quad,3,7951.743611,0,-1.068615665,-1.790474294,1,1,0,0,,,
8/16/2014,Forest Quad,3,8201.018706,0,-0.359949422,0.95154808,1,1,0,0,,,
5/11/2014,Foster,4,6715.059057,7,-0.078845146,0.600905833,0.8,0,1,0,,,
5/12/2014,Foster,4,6783.674302,7,0.44163084,0.871219129,0.8,0,1,0,,,
5/13/2014,Foster,4,5863.6191,7,-0.307193157,0.750725702,0.8,0,1,0,,,
5/14/2014,Foster,4,4455.525962,7,-2.339490461,2.7857258,0.8,0,1,0,,,
5/15/2014,Foster,4,3897.158204,7,-3.222173637,0.785152396,0.8,0,1,0,,,
5/16/2014,Foster,4,3693.08462,7,-3.296189889,0.298715969,0.8,0,1,0,,,
5/17/2014,Foster,4,3775.810703,7,-3.345009119,-0.697745545,0.8,0,1,0,,,
5/18/2014,Foster,4,4035.714368,7,-2.885950875,-0.964233653,0.8,0,1,0,,,
5/19/2014,Foster,4,4486.522849,7,-1.963897352,-1.777723667,0.8,0,1,0,,,
5/20/2014,Foster,4,5188.167106,7,-0.20876729,-0.727709519,0.8,0,1,0,,,
5/21/2014,Foster,4,6108.222281,7,0.555804845,0.503363535,0.8,0,1,0,,,
5/22/2014,Foster,4,10034.52158,7,-0.276484287,-0.769149057,0.8,0,1,0,,,
5/23/2014,Foster,4,8987.51506,7,-0.819007666,-1.349940125,0.8,0,1,0,,,
5/24/2014,Foster,4,8584.037979,7,-1.009560145,-1.439194516,0.8,0,1,0,,,
5/25/2014,Foster,4,8781.735138,7,-0.389870886,-1.505497777,0.8,0,1,0,,,
5/26/2014,Foster,4,9381.166287,7,0.190448027,-0.543462956,0.8,0,1,0,,,
5/27/2014,Foster,4,10485.85042,7,0.71407364,-0.360491456,0.8,0,1,0,,,
5/28/2014,Foster,4,8485.324713,7,0.504623395,-0.450383378,0.8,0,1,0,,,
5/29/2014,Foster,4,8637.012658,7,0.497536732,0.247075929,0.8,0,1,0,,,
5/30/2014,Foster,4,8618.318742,7,0.80147581,-0.356666268,0.8,0,1,0,,,
5/31/2014,Foster,4,8153.910833,7,0.519584126,-2.729557986,0.8,0,1,0,,,
6/1/2014,Foster,4,9091.13074,96,0.476276745,-0.112491758,0.8,0,1,0,,,
6/2/2014,Foster,4,8536.64089,97,0.027454791,1.976060974,0.8,0,1,0,,,
6/3/2014,Foster,4,9099.711091,95,0.866830585,0.034140455,0.8,0,1,0,,,
6/4/2014,Foster,4,9533.285089,95,0.306984253,0.899270509,0.8,0,1,0,,,
6/5/2014,Foster,4,8703.174645,95,-0.515855996,-0.989734908,0.8,0,1,0,,,
6/6/2014,Foster,4,9564.97065,95,-0.318216854,-1.159318249,0.8,0,1,0,,,
6/7/2014,Foster,4,9692.073544,7,-0.126089562,-1.668068273,0.8,0,1,0,,,
6/8/2014,Foster,4,10101.54933,152,-0.418217535,0.512288974,0.8,0,1,0,,,
6/9/2014,Foster,4,9861.674108,152,-0.414280501,-0.064039374,0.8,0,1,0,,,
6/10/2014,Foster,4,10256.35148,152,-0.459950103,2.1290685,0.8,0,1,0,,,
6/11/2014,Foster,4,10558.45046,152,-0.13947548,1.586529314,0.8,0,1,0,,,
6/12/2014,Foster,4,10504.86161,152,0.141628797,0.206911453,0.8,0,1,0,,,
6/13/2014,Foster,4,10340.75661,152,-0.497745636,-1.440469578,0.8,0,1,0,,,
6/14/2014,Foster,4,7174.830975,7,-1.138694883,-2.135378759,0.8,0,1,0,,,
6/15/2014,Foster,4,7480.866895,132,-0.122939934,-0.9062183,0.8,0,1,0,,,
6/16/2014,Foster,4,8595.269426,132,0.979429777,0.600268301,0.8,0,1,0,,,
6/17/2014,Foster,4,9846.316008,135,1.363684363,-0.086352972,0.8,0,1,0,,,
6/18/2014,Foster,4,9978.350086,659,1.509354646,0.058366646,0.8,0,1,0,,,
6/19/2014,Foster,4,9984.148366,619,1.564473131,0.020752296,0.8,0,1,0,,,
6/20/2014,Foster,4,9992.827716,619,1.257384426,0.600268301,0.8,0,1,0,,,
6/21/2014,Foster,4,9706.934195,532,1.17155707,-0.243185686,0.8,0,1,0,,,
6/22/2014,Foster,4,9724.538492,715,1.343999189,-0.520511827,0.8,0,1,0,,,
6/23/2014,Foster,4,9924.233085,194,1.300691808,0.183960324,0.8,0,1,0,,,
6/24/2014,Foster,4,10863.13063,200,0.62667147,1.328966645,0.8,0,1,0,,,
6/25/2014,Foster,4,11483.5201,742,0.970768301,-0.243185686,0.8,0,1,0,,,
6/26/2014,Foster,4,11468.77692,740,1.013288276,-0.591277808,0.8,0,1,0,,,
6/27/2014,Foster,4,11602.45655,659,1.047934181,0.004176481,0.8,0,1,0,,,
6/28/2014,Foster,4,12321.60463,552,0.859743923,1.161933429,0.8,0,1,0,,,
6/29/2014,Foster,4,11604.67442,540,0.725097337,1.249912756,0.8,0,1,0,,,
6/30/2014,Foster,4,11508.0661,7,1.100690446,1.118581296,0.8,0,1,0,,,
7/1/2014,Foster,4,10863.86445,7,1.088091935,0.131045221,0.8,0,1,0,,,
7/2/2014,Foster,4,10916.00166,7,0.405410121,0.027765141,0.8,0,1,0,,,
7/3/2014,Foster,4,9864.070976,7,-0.805621748,0.071754805,0.8,0,1,0,,,
7/4/2014,Foster,4,8728.961279,7,-0.516643402,-0.816963909,0.8,0,1,0,,,
7/5/2014,Foster,4,9673.085638,7,-0.380422002,-1.203945444,0.8,0,1,0,,,
7/6/2014,Foster,4,10160.89801,6,0.542418928,-0.526887141,0.8,0,1,0,,,
7/7/2014,Foster,4,10264.28492,42,0.621947028,1.023589124,0.8,0,1,0,,,
7/8/2014,Foster,4,10425.75892,42,0.736908441,0.406458768,0.8,0,1,0,,,
7/9/2014,Foster,4,10156.98557,42,0.267613907,-0.309488948,0.8,0,1,0,,,
7/10/2014,Foster,4,9176.483626,42,-0.011128149,-0.807400939,0.8,0,1,0,,,
7/11/2014,Foster,4,8795.381177,6,0.109345112,-0.981447,0.8,0,1,0,,,
7/12/2014,Foster,4,10227.17062,6,0.602261855,0.780052145,0.8,0,1,0,,,
7/13/2014,Foster,4,11495.48367,91,1.595969409,0.227312457,0.8,0,1,0,,,
7/14/2014,Foster,4,10822.25566,1061,0.754231394,0.48678772,0.8,0,1,0,,,
7/15/2014,Foster,4,8840.026647,1062,-0.979638681,0.134232878,0.8,0,1,0,,,
7/16/2014,Foster,4,9262.362341,1062,-1.061529003,-0.489910322,0.8,0,1,0,,,
7/17/2014,Foster,4,9289.436295,1062,-0.862315048,-0.607216092,0.8,0,1,0,,,
7/18/2014,Foster,4,9449.197489,1062,-0.417430128,-0.92534424,0.8,0,1,0,,,
7/19/2014,Foster,4,8643.573507,951,-0.87727578,0.999362932,0.8,0,1,0,,,
7/20/2014,Foster,4,8454.588893,88,0.051076999,-0.127154979,0.8,0,1,0,,,
7/21/2014,Foster,4,8919.631825,68,0.536907079,-0.649930693,0.8,0,1,0,,,
7/22/2014,Foster,4,9020.315061,79,1.003051986,-0.464409068,0.8,0,1,0,,,
7/23/2014,Foster,4,8567.546564,79,0.135329541,1.493449735,0.8,0,1,0,,,
7/24/2014,Foster,4,7113.071549,21,-0.507194519,-0.311401542,0.8,0,1,0,,,
7/25/2014,Foster,4,8508.010217,217,-0.893811325,-0.129705104,0.8,0,1,0,,,
7/26/2014,Foster,4,9514.716218,217,0.876279469,1.156833178,0.8,0,1,0,,,
7/27/2014,Foster,4,9495.920436,217,0.920374257,0.353543666,0.8,0,1,0,,,
7/28/2014,Foster,4,8242.409959,214,-0.759164739,-0.215771838,0.8,0,1,0,,,
7/29/2014,Foster,4,6946.362295,8,-0.945780183,-0.480984883,0.8,0,1,0,,,
7/30/2014,Foster,4,7780.56532,6,-0.302468716,-0.204296273,0.8,0,1,0,,,
7/31/2014,Foster,4,8086.979658,6,0.080998463,-0.370054427,0.8,0,1,0,,,
8/1/2014,Foster,4,8172.062177,6,0.234542815,-0.236810373,0.8,0,1,0,,,
8/2/2014,Foster,4,9126.259681,6,0.205408759,-0.213221712,0.8,0,1,0,,,
8/3/2014,Foster,4,9612.256524,316,0.331393868,-0.800388094,0.8,0,1,0,,,
8/4/2014,Foster,4,9862.148022,316,0.337693124,-0.664593915,0.8,0,1,0,,,
8/5/2014,Foster,4,10043.25558,316,0.3463546,0.403908643,0.8,0,1,0,,,
8/6/2014,Foster,4,10574.17612,316,0.301472405,1.117306234,0.8,0,1,0,,,
8/7/2014,Foster,4,9898.447283,316,0.125093251,0.511651443,0.8,0,1,0,,,
8/8/2014,Foster,4,9699.64003,316,-0.715857357,1.587804376,0.8,0,1,0,,,
8/9/2014,Foster,4,10226.67672,316,0.240054664,1.74909981,0.8,0,1,0,,,
8/10/2014,Foster,4,10747.88385,316,0.420370852,2.428708239,0.8,0,1,0,,,
8/11/2014,Foster,4,10501.12865,316,0.574702612,1.590992033,0.8,0,1,0,,,
8/12/2014,Foster,4,9349.728952,316,-0.406406431,0.204998859,0.8,0,1,0,,,
8/13/2014,Foster,4,8974.440574,316,-0.420579756,-0.501385887,0.8,0,1,0,,,
8/14/2014,Foster,4,9894.155709,316,0.261314651,-0.691370232,0.8,0,1,0,,,
8/15/2014,Foster,4,7960.692023,316,-1.068615665,-1.790474294,0.8,0,1,0,,,
8/16/2014,Foster,4,8686.293258,316,-0.359949422,0.95154808,0.8,0,1,0,,,
5/11/2014,McNutt Quad,5,15762.7282,7,-0.078845146,0.600905833,0.33333,0,1,0,,,
5/12/2014,McNutt Quad,5,13761.12484,7,0.44163084,0.871219129,0.33333,0,1,0,,,
5/13/2014,McNutt Quad,5,10001.39318,7,-0.307193157,0.750725702,0.33333,0,1,0,,,
5/14/2014,McNutt Quad,5,10430.20903,7,-2.339490461,2.7857258,0.33333,0,1,0,,,
5/15/2014,McNutt Quad,5,9298.909502,7,-3.222173637,0.785152396,0.33333,0,1,0,,,
5/16/2014,McNutt Quad,5,9313.666365,7,-3.296189889,0.298715969,0.33333,0,1,0,,,
5/17/2014,McNutt Quad,5,8822.013868,7,-3.345009119,-0.697745545,0.33333,0,1,0,,,
5/18/2014,McNutt Quad,5,9121.607501,7,-2.885950875,-0.964233653,0.33333,0,1,0,,,
5/19/2014,McNutt Quad,5,10075.31089,7,-1.963897352,-1.777723667,0.33333,0,1,0,,,
5/20/2014,McNutt Quad,5,10341.13546,7,-0.20876729,-0.727709519,0.33333,0,1,0,,,
5/21/2014,McNutt Quad,5,11580.98139,7,0.555804845,0.503363535,0.33333,0,1,0,,,
5/22/2014,McNutt Quad,5,16185.77045,7,-0.276484287,-0.769149057,0.33333,0,1,0,,,
5/23/2014,McNutt Quad,5,14027.66058,7,-0.819007666,-1.349940125,0.33333,0,1,0,,,
5/24/2014,McNutt Quad,5,12832.25556,7,-1.009560145,-1.439194516,0.33333,0,1,0,,,
5/25/2014,McNutt Quad,5,13494.90923,7,-0.389870886,-1.505497777,0.33333,0,1,0,,,
5/26/2014,McNutt Quad,5,13868.10134,7,0.190448027,-0.543462956,0.33333,0,1,0,,,
5/27/2014,McNutt Quad,5,15977.65415,7,0.71407364,-0.360491456,0.33333,0,1,0,,,
5/28/2014,McNutt Quad,5,16190.86098,7,0.504623395,-0.450383378,0.33333,0,1,0,,,
5/29/2014,McNutt Quad,5,16441.47712,7,0.497536732,0.247075929,0.33333,0,1,0,,,
5/30/2014,McNutt Quad,5,16449.81317,7,0.80147581,-0.356666268,0.33333,0,1,0,,,
5/31/2014,McNutt Quad,5,15203.86449,7,0.519584126,-2.729557986,0.33333,0,1,0,,,
6/1/2014,McNutt Quad,5,15359.06534,7,0.476276745,-0.112491758,0.33333,0,1,0,,,
6/2/2014,McNutt Quad,5,16505.84807,7,0.027454791,1.976060974,0.33333,0,1,0,,,
6/3/2014,McNutt Quad,5,16745.55317,7,0.866830585,0.034140455,0.33333,0,1,0,,,
6/4/2014,McNutt Quad,5,16569.64732,7,0.306984253,0.899270509,0.33333,0,1,0,,,
6/5/2014,McNutt Quad,5,16217.35247,7,-0.515855996,-0.989734908,0.33333,0,1,0,,,
6/6/2014,McNutt Quad,5,15853.03332,7,-0.318216854,-1.159318249,0.33333,0,1,0,,,
6/7/2014,McNutt Quad,5,15365.54624,7,-0.126089562,-1.668068273,0.33333,0,1,0,,,
6/8/2014,McNutt Quad,5,15490.52281,7,-0.418217535,0.512288974,0.33333,0,1,0,,,
6/9/2014,McNutt Quad,5,16226.37937,7,-0.414280501,-0.064039374,0.33333,0,1,0,,,
6/10/2014,McNutt Quad,5,16339.05234,7,-0.459950103,2.1290685,0.33333,0,1,0,,,
6/11/2014,McNutt Quad,5,17030.35022,7,-0.13947548,1.586529314,0.33333,0,1,0,,,
6/12/2014,McNutt Quad,5,17047.76189,7,0.141628797,0.206911453,0.33333,0,1,0,,,
6/13/2014,McNutt Quad,5,16523.14786,7,-0.497745636,-1.440469578,0.33333,0,1,0,,,
6/14/2014,McNutt Quad,5,14940.72756,7,-1.138694883,-2.135378759,0.33333,0,1,0,,,
6/15/2014,McNutt Quad,5,16180.98693,7,-0.122939934,-0.9062183,0.33333,0,1,0,,,
6/16/2014,McNutt Quad,5,17071.78889,417,0.979429777,0.600268301,0.33333,0,1,0,,,
6/17/2014,McNutt Quad,5,17373.84326,418,1.363684363,-0.086352972,0.33333,0,1,0,,,
6/18/2014,McNutt Quad,5,18491.48528,418,1.509354646,0.058366646,0.33333,0,1,0,,,
6/19/2014,McNutt Quad,5,18170.56512,77,1.564473131,0.020752296,0.33333,0,1,0,,,
6/20/2014,McNutt Quad,5,18531.38842,8,1.257384426,0.600268301,0.33333,0,1,0,,,
6/21/2014,McNutt Quad,5,18763.07252,8,1.17155707,-0.243185686,0.33333,0,1,0,,,
6/22/2014,McNutt Quad,5,18384.30741,17,1.343999189,-0.520511827,0.33333,0,1,0,,,
6/23/2014,McNutt Quad,5,17653.0229,82,1.300691808,0.183960324,0.33333,0,1,0,,,
6/24/2014,McNutt Quad,5,18333.92771,82,0.62667147,1.328966645,0.33333,0,1,0,,,
6/25/2014,McNutt Quad,5,18715.83431,82,0.970768301,-0.243185686,0.33333,0,1,0,,,
6/26/2014,McNutt Quad,5,18604.03164,82,1.013288276,-0.591277808,0.33333,0,1,0,,,
6/27/2014,McNutt Quad,5,18592.39707,16,1.047934181,0.004176481,0.33333,0,1,0,,,
6/28/2014,McNutt Quad,5,19049.82159,99,0.859743923,1.161933429,0.33333,0,1,0,,,
6/29/2014,McNutt Quad,5,18361.43655,99,0.725097337,1.249912756,0.33333,0,1,0,,,
6/30/2014,McNutt Quad,5,17737.75669,99,1.100690446,1.118581296,0.33333,0,1,0,,,
7/1/2014,McNutt Quad,5,16952.86808,99,1.088091935,0.131045221,0.33333,0,1,0,,,
7/2/2014,McNutt Quad,5,16844.61412,8,0.405410121,0.027765141,0.33333,0,1,0,,,
7/3/2014,McNutt Quad,5,15763.62862,7,-0.805621748,0.071754805,0.33333,0,1,0,,,
7/4/2014,McNutt Quad,5,14562.56388,7,-0.516643402,-0.816963909,0.33333,0,1,0,,,
7/5/2014,McNutt Quad,5,14782.60769,7,-0.380422002,-1.203945444,0.33333,0,1,0,,,
7/6/2014,McNutt Quad,5,15946.34206,76,0.542418928,-0.526887141,0.33333,0,1,0,,,
7/7/2014,McNutt Quad,5,17648.20675,184,0.621947028,1.023589124,0.33333,0,1,0,,,
7/8/2014,McNutt Quad,5,18205.86965,283,0.736908441,0.406458768,0.33333,0,1,0,,,
7/9/2014,McNutt Quad,5,17854.96861,214,0.267613907,-0.309488948,0.33333,0,1,0,,,
7/10/2014,McNutt Quad,5,17073.88997,217,-0.011128149,-0.807400939,0.33333,0,1,0,,,
7/11/2014,McNutt Quad,5,16054.8728,188,0.109345112,-0.981447,0.33333,0,1,0,,,
7/12/2014,McNutt Quad,5,16920.67637,188,0.602261855,0.780052145,0.33333,0,1,0,,,
7/13/2014,McNutt Quad,5,19119.84237,1234,1.595969409,0.227312457,0.33333,0,1,0,,,
7/14/2014,McNutt Quad,5,19887.55474,1233,0.754231394,0.48678772,0.33333,0,1,0,,,
7/15/2014,McNutt Quad,5,18471.79453,1232,-0.979638681,0.134232878,0.33333,0,1,0,,,
7/16/2014,McNutt Quad,5,17978.54294,1232,-1.061529003,-0.489910322,0.33333,0,1,0,,,
7/17/2014,McNutt Quad,5,18084.95776,1232,-0.862315048,-0.607216092,0.33333,0,1,0,,,
7/18/2014,McNutt Quad,5,18092.05236,1232,-0.417430128,-0.92534424,0.33333,0,1,0,,,
7/19/2014,McNutt Quad,5,16384.96746,1232,-0.87727578,0.999362932,0.33333,0,1,0,,,
7/20/2014,McNutt Quad,5,16408.54581,7,0.051076999,-0.127154979,0.33333,0,1,0,,,
7/21/2014,McNutt Quad,5,17925.63621,7,0.536907079,-0.649930693,0.33333,0,1,0,,,
7/22/2014,McNutt Quad,5,17418.89227,71,1.003051986,-0.464409068,0.33333,0,1,0,,,
7/23/2014,McNutt Quad,5,16904.84479,71,0.135329541,1.493449735,0.33333,0,1,0,,,
7/24/2014,McNutt Quad,5,15571.15694,100,-0.507194519,-0.311401542,0.33333,0,1,0,,,
7/25/2014,McNutt Quad,5,16331.83461,668,-0.893811325,-0.129705104,0.33333,0,1,0,,,
7/26/2014,McNutt Quad,5,17336.28693,1118,0.876279469,1.156833178,0.33333,0,1,0,,,
7/27/2014,McNutt Quad,5,18225.73818,1118,0.920374257,0.353543666,0.33333,0,1,0,,,
7/28/2014,McNutt Quad,5,16171.83206,1112,-0.759164739,-0.215771838,0.33333,0,1,0,,,
7/29/2014,McNutt Quad,5,14122.75772,21,-0.945780183,-0.480984883,0.33333,0,1,0,,,
7/30/2014,McNutt Quad,5,15300.55807,7,-0.302468716,-0.204296273,0.33333,0,1,0,,,
7/31/2014,McNutt Quad,5,15852.08668,7,0.080998463,-0.370054427,0.33333,0,1,0,,,
8/1/2014,McNutt Quad,5,15151.35261,7,0.234542815,-0.236810373,0.33333,0,1,0,,,
8/2/2014,McNutt Quad,5,15142.00453,7,0.205408759,-0.213221712,0.33333,0,1,0,,,
8/3/2014,McNutt Quad,5,15091.49732,0,0.331393868,-0.800388094,0.33333,0,1,0,,,
8/4/2014,McNutt Quad,5,15667.90708,0,0.337693124,-0.664593915,0.33333,0,1,0,,,
8/5/2014,McNutt Quad,5,15978.06202,0,0.3463546,0.403908643,0.33333,0,1,0,,,
8/6/2014,McNutt Quad,5,16252.91578,0,0.301472405,1.117306234,0.33333,0,1,0,,,
8/7/2014,McNutt Quad,5,15829.35125,0,0.125093251,0.511651443,0.33333,0,1,0,,,
8/8/2014,McNutt Quad,5,15341.28019,0,-0.715857357,1.587804376,0.33333,0,1,0,,,
8/9/2014,McNutt Quad,5,15311.6135,0,0.240054664,1.74909981,0.33333,0,1,0,,,
8/10/2014,McNutt Quad,5,15960.71247,0,0.420370852,2.428708239,0.33333,0,1,0,,,
8/11/2014,McNutt Quad,5,16778.3007,0,0.574702612,1.590992033,0.33333,0,1,0,,,
8/12/2014,McNutt Quad,5,15688.25482,0,-0.406406431,0.204998859,0.33333,0,1,0,,,
8/13/2014,McNutt Quad,5,15197.92654,0,-0.420579756,-0.501385887,0.33333,0,1,0,,,
8/14/2014,McNutt Quad,5,15786.2621,0,0.261314651,-0.691370232,0.33333,0,1,0,,,
8/15/2014,McNutt Quad,5,14990.42778,0,-1.068615665,-1.790474294,0.33333,0,1,0,,,
8/16/2014,McNutt Quad,5,15491.5893,0,-0.359949422,0.95154808,0.33333,0,1,0,,,
5/11/2014,Rose Ave,6,2961.523511,4,-0.078845146,0.600905833,1,0,1,0,,,
5/12/2014,Rose Ave,6,2423.295295,4,0.44163084,0.871219129,1,0,1,0,,,
5/13/2014,Rose Ave,6,1143.298042,4,-0.307193157,0.750725702,1,0,1,0,,,
5/14/2014,Rose Ave,6,1161.727765,4,-2.339490461,2.7857258,1,0,1,0,,,
5/15/2014,Rose Ave,6,1079.567958,4,-3.222173637,0.785152396,1,0,1,0,,,
5/16/2014,Rose Ave,6,1091.239634,4,-3.296189889,0.298715969,1,0,1,0,,,
5/17/2014,Rose Ave,6,1039.492838,4,-3.345009119,-0.697745545,1,0,1,0,,,
5/18/2014,Rose Ave,6,1082.081586,4,-2.885950875,-0.964233653,1,0,1,0,,,
5/19/2014,Rose Ave,6,1109.241018,4,-1.963897352,-1.777723667,1,0,1,0,,,
5/20/2014,Rose Ave,6,1957.617107,4,-0.20876729,-0.727709519,1,0,1,0,,,
5/21/2014,Rose Ave,6,3122.487646,4,0.555804845,0.503363535,1,0,1,0,,,
5/22/2014,Rose Ave,6,2961.028631,4,-0.276484287,-0.769149057,1,0,1,0,,,
5/23/2014,Rose Ave,6,2482.825164,6,-0.819007666,-1.349940125,1,0,1,0,,,
5/24/2014,Rose Ave,6,2451.976152,6,-1.009560145,-1.439194516,1,0,1,0,,,
5/25/2014,Rose Ave,6,2580.094765,6,-0.389870886,-1.505497777,1,0,1,0,,,
5/26/2014,Rose Ave,6,2878.761179,4,0.190448027,-0.543462956,1,0,1,0,,,
5/27/2014,Rose Ave,6,3336.31263,4,0.71407364,-0.360491456,1,0,1,0,,,
5/28/2014,Rose Ave,6,3222.213034,4,0.504623395,-0.450383378,1,0,1,0,,,
5/29/2014,Rose Ave,6,3286.256878,4,0.497536732,0.247075929,1,0,1,0,,,
5/30/2014,Rose Ave,6,3270.843135,4,0.80147581,-0.356666268,1,0,1,0,,,
5/31/2014,Rose Ave,6,2855.316299,4,0.519584126,-2.729557986,1,0,1,0,,,
6/1/2014,Rose Ave,6,3036.604259,23,0.476276745,-0.112491758,1,0,1,0,,,
6/2/2014,Rose Ave,6,3395.410226,23,0.027454791,1.976060974,1,0,1,0,,,
6/3/2014,Rose Ave,6,3521.688944,23,0.866830585,0.034140455,1,0,1,0,,,
6/4/2014,Rose Ave,6,3400.94906,23,0.306984253,0.899270509,1,0,1,0,,,
6/5/2014,Rose Ave,6,2740.992782,23,-0.515855996,-0.989734908,1,0,1,0,,,
6/6/2014,Rose Ave,6,2730.083699,23,-0.318216854,-1.159318249,1,0,1,0,,,
6/7/2014,Rose Ave,6,2746.174771,40,-0.126089562,-1.668068273,1,0,1,0,,,
6/8/2014,Rose Ave,6,3125.592095,65,-0.418217535,0.512288974,1,0,1,0,,,
6/9/2014,Rose Ave,6,2848.498534,65,-0.414280501,-0.064039374,1,0,1,0,,,
6/10/2014,Rose Ave,6,3093.933584,65,-0.459950103,2.1290685,1,0,1,0,,,
6/11/2014,Rose Ave,6,3214.312549,65,-0.13947548,1.586529314,1,0,1,0,,,
6/12/2014,Rose Ave,6,3093.732671,65,0.141628797,0.206911453,1,0,1,0,,,
6/13/2014,Rose Ave,6,2866.931926,65,-0.497745636,-1.440469578,1,0,1,0,,,
6/14/2014,Rose Ave,6,2348.05818,51,-1.138694883,-2.135378759,1,0,1,0,,,
6/15/2014,Rose Ave,6,2740.818031,107,-0.122939934,-0.9062183,1,0,1,0,,,
6/16/2014,Rose Ave,6,3519.155096,108,0.979429777,0.600268301,1,0,1,0,,,
6/17/2014,Rose Ave,6,3647.194828,108,1.363684363,-0.086352972,1,0,1,0,,,
6/18/2014,Rose Ave,6,3719.404521,108,1.509354646,0.058366646,1,0,1,0,,,
6/19/2014,Rose Ave,6,3739.464931,110,1.564473131,0.020752296,1,0,1,0,,,
6/20/2014,Rose Ave,6,3718.490813,108,1.257384426,0.600268301,1,0,1,0,,,
6/21/2014,Rose Ave,6,3563.459909,73,1.17155707,-0.243185686,1,0,1,0,,,
6/22/2014,Rose Ave,6,3596.872854,86,1.343999189,-0.520511827,1,0,1,0,,,
6/23/2014,Rose Ave,6,3622.339296,89,1.300691808,0.183960324,1,0,1,0,,,
6/24/2014,Rose Ave,6,3442.002606,90,0.62667147,1.328966645,1,0,1,0,,,
6/25/2014,Rose Ave,6,3451.148007,90,0.970768301,-0.243185686,1,0,1,0,,,
6/26/2014,Rose Ave,6,3254.326434,90,1.013288276,-0.591277808,1,0,1,0,,,
6/27/2014,Rose Ave,6,3392.407811,74,1.047934181,0.004176481,1,0,1,0,,,
6/28/2014,Rose Ave,6,3526.876292,62,0.859743923,1.161933429,1,0,1,0,,,
6/29/2014,Rose Ave,6,3616.636315,62,0.725097337,1.249912756,1,0,1,0,,,
6/30/2014,Rose Ave,6,3536.789614,62,1.100690446,1.118581296,1,0,1,0,,,
7/1/2014,Rose Ave,6,3419.511715,62,1.088091935,0.131045221,1,0,1,0,,,
7/2/2014,Rose Ave,6,3199.108524,63,0.405410121,0.027765141,1,0,1,0,,,
7/3/2014,Rose Ave,6,2570.017428,63,-0.805621748,0.071754805,1,0,1,0,,,
7/4/2014,Rose Ave,6,2612.77688,62,-0.516643402,-0.816963909,1,0,1,0,,,
7/5/2014,Rose Ave,6,2767.916007,62,-0.380422002,-1.203945444,1,0,1,0,,,
7/6/2014,Rose Ave,6,3209.113356,77,0.542418928,-0.526887141,1,0,1,0,,,
7/7/2014,Rose Ave,6,3452.611961,249,0.621947028,1.023589124,1,0,1,0,,,
7/8/2014,Rose Ave,6,3579.92745,249,0.736908441,0.406458768,1,0,1,0,,,
7/9/2014,Rose Ave,6,3295.630998,249,0.267613907,-0.309488948,1,0,1,0,,,
7/10/2014,Rose Ave,6,3132.931919,249,-0.011128149,-0.807400939,1,0,1,0,,,
7/11/2014,Rose Ave,6,2987.83811,263,0.109345112,-0.981447,1,0,1,0,,,
7/12/2014,Rose Ave,6,3401.111725,88,0.602261855,0.780052145,1,0,1,0,,,
7/13/2014,Rose Ave,6,3722.494716,134,1.595969409,0.227312457,1,0,1,0,,,
7/14/2014,Rose Ave,6,3586.16039,129,0.754231394,0.48678772,1,0,1,0,,,
7/15/2014,Rose Ave,6,2788.51366,129,-0.979638681,0.134232878,1,0,1,0,,,
7/16/2014,Rose Ave,6,2554.804368,129,-1.061529003,-0.489910322,1,0,1,0,,,
7/17/2014,Rose Ave,6,2617.031282,128,-0.862315048,-0.607216092,1,0,1,0,,,
7/18/2014,Rose Ave,6,2641.921604,5,-0.417430128,-0.92534424,1,0,1,0,,,
7/19/2014,Rose Ave,6,2668.653089,5,-0.87727578,0.999362932,1,0,1,0,,,
7/20/2014,Rose Ave,6,2927.533455,5,0.051076999,-0.127154979,1,0,1,0,,,
7/21/2014,Rose Ave,6,3180.41949,5,0.536907079,-0.649930693,1,0,1,0,,,
7/22/2014,Rose Ave,6,3453.843749,5,1.003051986,-0.464409068,1,0,1,0,,,
7/23/2014,Rose Ave,6,3447.238767,5,0.135329541,1.493449735,1,0,1,0,,,
7/24/2014,Rose Ave,6,2670.145204,5,-0.507194519,-0.311401542,1,0,1,0,,,
7/25/2014,Rose Ave,6,2603.33743,5,-0.893811325,-0.129705104,1,0,1,0,,,
7/26/2014,Rose Ave,6,3151.971416,5,0.876279469,1.156833178,1,0,1,0,,,
7/27/2014,Rose Ave,6,3365.687432,0,0.920374257,0.353543666,1,0,1,0,,,
7/28/2014,Rose Ave,6,2652.650349,0,-0.759164739,-0.215771838,1,0,1,0,,,
7/29/2014,Rose Ave,6,2386.317249,0,-0.945780183,-0.480984883,1,0,1,0,,,
7/30/2014,Rose Ave,6,2742.800666,0,-0.302468716,-0.204296273,1,0,1,0,,,
7/31/2014,Rose Ave,6,2890.787082,0,0.080998463,-0.370054427,1,0,1,0,,,
8/1/2014,Rose Ave,6,2957.963886,0,0.234542815,-0.236810373,1,0,1,0,,,
8/2/2014,Rose Ave,6,2977.65843,0,0.205408759,-0.213221712,1,0,1,0,,,
8/3/2014,Rose Ave,6,2933.269806,1,0.331393868,-0.800388094,1,0,1,0,,,
8/4/2014,Rose Ave,6,2908.000731,1,0.337693124,-0.664593915,1,0,1,0,,,
8/5/2014,Rose Ave,6,3037.991425,1,0.3463546,0.403908643,1,0,1,0,,,
8/6/2014,Rose Ave,6,3318.670504,1,0.301472405,1.117306234,1,0,1,0,,,
8/7/2014,Rose Ave,6,3131.706605,1,0.125093251,0.511651443,1,0,1,0,,,
8/8/2014,Rose Ave,6,3032.009269,1,-0.715857357,1.587804376,1,0,1,0,,,
8/9/2014,Rose Ave,6,3355.081626,1,0.240054664,1.74909981,1,0,1,0,,,
8/10/2014,Rose Ave,6,3688.308689,1,0.420370852,2.428708239,1,0,1,0,,,
8/11/2014,Rose Ave,6,3736.066867,1,0.574702612,1.590992033,1,0,1,0,,,
8/12/2014,Rose Ave,6,3257.925125,1,-0.406406431,0.204998859,1,0,1,0,,,
8/13/2014,Rose Ave,6,2923.713227,1,-0.420579756,-0.501385887,1,0,1,0,,,
8/14/2014,Rose Ave,6,3206.811091,1,0.261314651,-0.691370232,1,0,1,0,,,
8/15/2014,Rose Ave,6,2812.360381,1,-1.068615665,-1.790474294,1,0,1,0,,,
8/16/2014,Rose Ave,6,3225.0598,1,-0.359949422,0.95154808,1,0,1,0,,,
5/11/2014,Teter ,7,9704.458612,4,-0.078845146,0.600905833,0,0,1,0,,,
5/12/2014,Teter ,7,8635.24169,4,0.44163084,0.871219129,0,0,1,0,,,
5/13/2014,Teter ,7,5975.109359,4,-0.307193157,0.750725702,0,0,1,0,,,
5/14/2014,Teter ,7,5436.530047,4,-2.339490461,2.7857258,0,0,1,0,,,
5/15/2014,Teter ,7,5097.510135,4,-3.222173637,0.785152396,0,0,1,0,,,
5/16/2014,Teter ,7,5155.003657,4,-3.296189889,0.298715969,0,0,1,0,,,
5/17/2014,Teter ,7,5123.120914,4,-3.345009119,-0.697745545,0,0,1,0,,,
5/18/2014,Teter ,7,5102.696024,4,-2.885950875,-0.964233653,0,0,1,0,,,
5/19/2014,Teter ,7,5421.105161,4,-1.963897352,-1.777723667,0,0,1,0,,,
5/20/2014,Teter ,7,5434.106387,4,-0.20876729,-0.727709519,0,0,1,0,,,
5/21/2014,Teter ,7,6736.960995,4,0.555804845,0.503363535,0,0,1,0,,,
5/22/2014,Teter ,7,10312.64973,4,-0.276484287,-0.769149057,0,0,1,0,,,
5/23/2014,Teter ,7,9441.258112,6,-0.819007666,-1.349940125,0,0,1,0,,,
5/24/2014,Teter ,7,9117.726101,6,-1.009560145,-1.439194516,0,0,1,0,,,
5/25/2014,Teter ,7,9179.284976,6,-0.389870886,-1.505497777,0,0,1,0,,,
5/26/2014,Teter ,7,9716.07146,4,0.190448027,-0.543462956,0,0,1,0,,,
5/27/2014,Teter ,7,10748.61549,4,0.71407364,-0.360491456,0,0,1,0,,,
5/28/2014,Teter ,7,10456.70447,4,0.504623395,-0.450383378,0,0,1,0,,,
5/29/2014,Teter ,7,10506.46757,4,0.497536732,0.247075929,0,0,1,0,,,
5/30/2014,Teter ,7,10541.43772,4,0.80147581,-0.356666268,0,0,1,0,,,
5/31/2014,Teter ,7,9831.037669,4,0.519584126,-2.729557986,0,0,1,0,,,
6/1/2014,Teter ,7,10221.37103,4,0.476276745,-0.112491758,0,0,1,0,,,
6/2/2014,Teter ,7,10783.92692,4,0.027454791,1.976060974,0,0,1,0,,,
6/3/2014,Teter ,7,10089.71256,4,0.866830585,0.034140455,0,0,1,0,,,
6/4/2014,Teter ,7,9330.875121,4,0.306984253,0.899270509,0,0,1,0,,,
6/5/2014,Teter ,7,9457.934968,4,-0.515855996,-0.989734908,0,0,1,0,,,
6/6/2014,Teter ,7,9371.154084,4,-0.318216854,-1.159318249,0,0,1,0,,,
6/7/2014,Teter ,7,9239.667793,4,-0.126089562,-1.668068273,0,0,1,0,,,
6/8/2014,Teter ,7,9179.570408,20,-0.418217535,0.512288974,0,0,1,0,,,
6/9/2014,Teter ,7,8793.015176,20,-0.414280501,-0.064039374,0,0,1,0,,,
6/10/2014,Teter ,7,9343.335862,20,-0.459950103,2.1290685,0,0,1,0,,,
6/11/2014,Teter ,7,9769.673393,20,-0.13947548,1.586529314,0,0,1,0,,,
6/12/2014,Teter ,7,9673.662811,20,0.141628797,0.206911453,0,0,1,0,,,
6/13/2014,Teter ,7,9459.752709,20,-0.497745636,-1.440469578,0,0,1,0,,,
6/14/2014,Teter ,7,9058.197776,20,-1.138694883,-2.135378759,0,0,1,0,,,
6/15/2014,Teter ,7,9684.218191,327,-0.122939934,-0.9062183,0,0,1,0,,,
6/16/2014,Teter ,7,9425.933998,327,0.979429777,0.600268301,0,0,1,0,,,
6/17/2014,Teter ,7,10666.1897,327,1.363684363,-0.086352972,0,0,1,0,,,
6/18/2014,Teter ,7,11312.94095,327,1.509354646,0.058366646,0,0,1,0,,,
6/19/2014,Teter ,7,12184.67783,327,1.564473131,0.020752296,0,0,1,0,,,
6/20/2014,Teter ,7,12146.47952,327,1.257384426,0.600268301,0,0,1,0,,,
6/21/2014,Teter ,7,12567.24262,327,1.17155707,-0.243185686,0,0,1,0,,,
6/22/2014,Teter ,7,12444.73827,330,1.343999189,-0.520511827,0,0,1,0,,,
6/23/2014,Teter ,7,11501.68694,330,1.300691808,0.183960324,0,0,1,0,,,
6/24/2014,Teter ,7,11783.01403,330,0.62667147,1.328966645,0,0,1,0,,,
6/25/2014,Teter ,7,12074.16561,330,0.970768301,-0.243185686,0,0,1,0,,,
6/26/2014,Teter ,7,11872.22441,330,1.013288276,-0.591277808,0,0,1,0,,,
6/27/2014,Teter ,7,11541.57158,330,1.047934181,0.004176481,0,0,1,0,,,
6/28/2014,Teter ,7,12020.33131,330,0.859743923,1.161933429,0,0,1,0,,,
6/29/2014,Teter ,7,11659.78739,327,0.725097337,1.249912756,0,0,1,0,,,
6/30/2014,Teter ,7,10723.15958,327,1.100690446,1.118581296,0,0,1,0,,,
7/1/2014,Teter ,7,11389.39985,327,1.088091935,0.131045221,0,0,1,0,,,
7/2/2014,Teter ,7,11938.19571,327,0.405410121,0.027765141,0,0,1,0,,,
7/3/2014,Teter ,7,10494.34344,327,-0.805621748,0.071754805,0,0,1,0,,,
7/4/2014,Teter ,7,9826.0444,327,-0.516643402,-0.816963909,0,0,1,0,,,
7/5/2014,Teter ,7,9772.066447,327,-0.380422002,-1.203945444,0,0,1,0,,,
7/6/2014,Teter ,7,10502.60003,325,0.542418928,-0.526887141,0,0,1,0,,,
7/7/2014,Teter ,7,10836.24027,325,0.621947028,1.023589124,0,0,1,0,,,
7/8/2014,Teter ,7,11385.84979,325,0.736908441,0.406458768,0,0,1,0,,,
7/9/2014,Teter ,7,10944.72224,325,0.267613907,-0.309488948,0,0,1,0,,,
7/10/2014,Teter ,7,10581.12864,325,-0.011128149,-0.807400939,0,0,1,0,,,
7/11/2014,Teter ,7,9621.981748,325,0.109345112,-0.981447,0,0,1,0,,,
7/12/2014,Teter ,7,9496.580684,325,0.602261855,0.780052145,0,0,1,0,,,
7/13/2014,Teter ,7,9960.032672,325,1.595969409,0.227312457,0,0,1,0,,,
7/14/2014,Teter ,7,10569.25536,325,0.754231394,0.48678772,0,0,1,0,,,
7/15/2014,Teter ,7,10036.05446,325,-0.979638681,0.134232878,0,0,1,0,,,
7/16/2014,Teter ,7,9736.902709,325,-1.061529003,-0.489910322,0,0,1,0,,,
7/17/2014,Teter ,7,9643.817302,325,-0.862315048,-0.607216092,0,0,1,0,,,
7/18/2014,Teter ,7,9544.888048,325,-0.417430128,-0.92534424,0,0,1,0,,,
7/19/2014,Teter ,7,9456.595236,325,-0.87727578,0.999362932,0,0,1,0,,,
7/20/2014,Teter ,7,9775.257792,325,0.051076999,-0.127154979,0,0,1,0,,,
7/21/2014,Teter ,7,10259.94153,325,0.536907079,-0.649930693,0,0,1,0,,,
7/22/2014,Teter ,7,9708.542143,325,1.003051986,-0.464409068,0,0,1,0,,,
7/23/2014,Teter ,7,10006.30951,325,0.135329541,1.493449735,0,0,1,0,,,
7/24/2014,Teter ,7,10457.01651,325,-0.507194519,-0.311401542,0,0,1,0,,,
7/25/2014,Teter ,7,10090.05114,325,-0.893811325,-0.129705104,0,0,1,0,,,
7/26/2014,Teter ,7,10925.64205,325,0.876279469,1.156833178,0,0,1,0,,,
7/27/2014,Teter ,7,11101.81303,0,0.920374257,0.353543666,0,0,1,0,,,
7/28/2014,Teter ,7,9997.384111,0,-0.759164739,-0.215771838,0,0,1,0,,,
7/29/2014,Teter ,7,9270.522948,0,-0.945780183,-0.480984883,0,0,1,0,,,
7/30/2014,Teter ,7,9859.344949,0,-0.302468716,-0.204296273,0,0,1,0,,,
7/31/2014,Teter ,7,10179.42215,0,0.080998463,-0.370054427,0,0,1,0,,,
8/1/2014,Teter ,7,10096.46852,0,0.234542815,-0.236810373,0,0,1,0,,,
8/2/2014,Teter ,7,9738.483431,0,0.205408759,-0.213221712,0,0,1,0,,,
8/3/2014,Teter ,7,9808.683749,0,0.331393868,-0.800388094,0,0,1,0,,,
8/4/2014,Teter ,7,9930.113887,0,0.337693124,-0.664593915,0,0,1,0,,,
8/5/2014,Teter ,7,9900.408838,0,0.3463546,0.403908643,0,0,1,0,,,
8/6/2014,Teter ,7,10240.14186,0,0.301472405,1.117306234,0,0,1,0,,,
8/7/2014,Teter ,7,9893.055085,0,0.125093251,0.511651443,0,0,1,0,,,
8/8/2014,Teter ,7,9868.597669,0,-0.715857357,1.587804376,0,0,1,0,,,
8/9/2014,Teter ,7,9846.071683,0,0.240054664,1.74909981,0,0,1,0,,,
8/10/2014,Teter ,7,9997.146178,0,0.420370852,2.428708239,0,0,1,0,,,
8/11/2014,Teter ,7,10271.14412,0,0.574702612,1.590992033,0,0,1,0,,,
8/12/2014,Teter ,7,9869.377436,0,-0.406406431,0.204998859,0,0,1,0,,,
8/13/2014,Teter ,7,9309.584232,0,-0.420579756,-0.501385887,0,0,1,0,,,
8/14/2014,Teter ,7,9633.724861,0,0.261314651,-0.691370232,0,0,1,0,,,
8/15/2014,Teter ,7,9268.080451,0,-1.068615665,-1.790474294,0,0,1,0,,,
8/16/2014,Teter ,7,9451.770735,0,-0.359949422,0.95154808,0,0,1,0,,,
5/11/2014,Union Street,8,5193.638115,10,-0.078845146,0.600905833,0.142857,0,1,0,,,
5/12/2014,Union Street,8,5395.876147,10,0.44163084,0.871219129,0.142857,0,1,0,,,
5/13/2014,Union Street,8,5755.679341,10,-0.307193157,0.750725702,0.142857,0,1,0,,,
5/14/2014,Union Street,8,5269.677274,10,-2.339490461,2.7857258,0.142857,0,1,0,,,
5/15/2014,Union Street,8,4575.555545,10,-3.222173637,0.785152396,0.142857,0,1,0,,,
5/16/2014,Union Street,8,4592.528481,10,-3.296189889,0.298715969,0.142857,0,1,0,,,
5/17/2014,Union Street,8,4592.695984,10,-3.345009119,-0.697745545,0.142857,0,1,0,,,
5/18/2014,Union Street,8,4559.91952,11,-2.885950875,-0.964233653,0.142857,0,1,0,,,
5/19/2014,Union Street,8,4698.582053,11,-1.963897352,-1.777723667,0.142857,0,1,0,,,
5/20/2014,Union Street,8,5126.328598,11,-0.20876729,-0.727709519,0.142857,0,1,0,,,
5/21/2014,Union Street,8,5271.704144,11,0.555804845,0.503363535,0.142857,0,1,0,,,
5/22/2014,Union Street,8,4826.030519,11,-0.276484287,-0.769149057,0.142857,0,1,0,,,
5/23/2014,Union Street,8,5351.132027,11,-0.819007666,-1.349940125,0.142857,0,1,0,,,
5/24/2014,Union Street,8,5033.566389,11,-1.009560145,-1.439194516,0.142857,0,1,0,,,
5/25/2014,Union Street,8,5073.456535,11,-0.389870886,-1.505497777,0.142857,0,1,0,,,
5/26/2014,Union Street,8,5247.921112,11,0.190448027,-0.543462956,0.142857,0,1,0,,,
5/27/2014,Union Street,8,5605.345778,11,0.71407364,-0.360491456,0.142857,0,1,0,,,
5/28/2014,Union Street,8,5738.853218,11,0.504623395,-0.450383378,0.142857,0,1,0,,,
5/29/2014,Union Street,8,5542.921142,11,0.497536732,0.247075929,0.142857,0,1,0,,,
5/30/2014,Union Street,8,5496.438669,11,0.80147581,-0.356666268,0.142857,0,1,0,,,
5/31/2014,Union Street,8,5210.514231,11,0.519584126,-2.729557986,0.142857,0,1,0,,,
6/1/2014,Union Street,8,5335.990508,11,0.476276745,-0.112491758,0.142857,0,1,0,,,
6/2/2014,Union Street,8,5443.57625,11,0.027454791,1.976060974,0.142857,0,1,0,,,
6/3/2014,Union Street,8,5404.346086,11,0.866830585,0.034140455,0.142857,0,1,0,,,
6/4/2014,Union Street,8,5448.077233,11,0.306984253,0.899270509,0.142857,0,1,0,,,
6/5/2014,Union Street,8,5347.155337,11,-0.515855996,-0.989734908,0.142857,0,1,0,,,
6/6/2014,Union Street,8,5326.415521,11,-0.318216854,-1.159318249,0.142857,0,1,0,,,
6/7/2014,Union Street,8,4919.426027,11,-0.126089562,-1.668068273,0.142857,0,1,0,,,
6/8/2014,Union Street,8,4939.717566,11,-0.418217535,0.512288974,0.142857,0,1,0,,,
6/9/2014,Union Street,8,5202.510831,11,-0.414280501,-0.064039374,0.142857,0,1,0,,,
6/10/2014,Union Street,8,5286.537434,11,-0.459950103,2.1290685,0.142857,0,1,0,,,
6/11/2014,Union Street,8,5432.423514,11,-0.13947548,1.586529314,0.142857,0,1,0,,,
6/12/2014,Union Street,8,5617.623112,11,0.141628797,0.206911453,0.142857,0,1,0,,,
6/13/2014,Union Street,8,5451.319901,11,-0.497745636,-1.440469578,0.142857,0,1,0,,,
6/14/2014,Union Street,8,4689.059855,11,-1.138694883,-2.135378759,0.142857,0,1,0,,,
6/15/2014,Union Street,8,4959.687162,12,-0.122939934,-0.9062183,0.142857,0,1,0,,,
6/16/2014,Union Street,8,5630.3839,12,0.979429777,0.600268301,0.142857,0,1,0,,,
6/17/2014,Union Street,8,5833.600873,12,1.363684363,-0.086352972,0.142857,0,1,0,,,
6/18/2014,Union Street,8,5949.002567,12,1.509354646,0.058366646,0.142857,0,1,0,,,
6/19/2014,Union Street,8,5953.731254,12,1.564473131,0.020752296,0.142857,0,1,0,,,
6/20/2014,Union Street,8,5723.547787,12,1.257384426,0.600268301,0.142857,0,1,0,,,
6/21/2014,Union Street,8,5162.673803,12,1.17155707,-0.243185686,0.142857,0,1,0,,,
6/22/2014,Union Street,8,5295.974259,12,1.343999189,-0.520511827,0.142857,0,1,0,,,
6/23/2014,Union Street,8,5820.851322,12,1.300691808,0.183960324,0.142857,0,1,0,,,
6/24/2014,Union Street,8,5867.105982,12,0.62667147,1.328966645,0.142857,0,1,0,,,
6/25/2014,Union Street,8,5805.189219,12,0.970768301,-0.243185686,0.142857,0,1,0,,,
6/26/2014,Union Street,8,5832.003615,12,1.013288276,-0.591277808,0.142857,0,1,0,,,
6/27/2014,Union Street,8,5675.203355,12,1.047934181,0.004176481,0.142857,0,1,0,,,
6/28/2014,Union Street,8,5327.713376,12,0.859743923,1.161933429,0.142857,0,1,0,,,
6/29/2014,Union Street,8,5684.645121,12,0.725097337,1.249912756,0.142857,0,1,0,,,
6/30/2014,Union Street,8,5939.713973,12,1.100690446,1.118581296,0.142857,0,1,0,,,
7/1/2014,Union Street,8,5970.352621,12,1.088091935,0.131045221,0.142857,0,1,0,,,
7/2/2014,Union Street,8,5661.470394,12,0.405410121,0.027765141,0.142857,0,1,0,,,
7/3/2014,Union Street,8,5234.199268,12,-0.805621748,0.071754805,0.142857,0,1,0,,,
7/4/2014,Union Street,8,4788.240257,12,-0.516643402,-0.816963909,0.142857,0,1,0,,,
7/5/2014,Union Street,8,4910.106167,12,-0.380422002,-1.203945444,0.142857,0,1,0,,,
7/6/2014,Union Street,8,5100.541698,11,0.542418928,-0.526887141,0.142857,0,1,0,,,
7/7/2014,Union Street,8,5722.647717,11,0.621947028,1.023589124,0.142857,0,1,0,,,
7/8/2014,Union Street,8,5750.582221,11,0.736908441,0.406458768,0.142857,0,1,0,,,
7/9/2014,Union Street,8,5681.313699,11,0.267613907,-0.309488948,0.142857,0,1,0,,,
7/10/2014,Union Street,8,5683.876687,11,-0.011128149,-0.807400939,0.142857,0,1,0,,,
7/11/2014,Union Street,8,5576.528501,11,0.109345112,-0.981447,0.142857,0,1,0,,,
7/12/2014,Union Street,8,5285.009483,11,0.602261855,0.780052145,0.142857,0,1,0,,,
7/13/2014,Union Street,8,5375.28797,11,1.595969409,0.227312457,0.142857,0,1,0,,,
7/14/2014,Union Street,8,5750.706532,11,0.754231394,0.48678772,0.142857,0,1,0,,,
7/15/2014,Union Street,8,5608.372592,11,-0.979638681,0.134232878,0.142857,0,1,0,,,
7/16/2014,Union Street,8,5626.917351,11,-1.061529003,-0.489910322,0.142857,0,1,0,,,
7/17/2014,Union Street,8,5555.368731,11,-0.862315048,-0.607216092,0.142857,0,1,0,,,
7/18/2014,Union Street,8,5498.730777,11,-0.417430128,-0.92534424,0.142857,0,1,0,,,
7/19/2014,Union Street,8,5004.89397,12,-0.87727578,0.999362932,0.142857,0,1,0,,,
7/20/2014,Union Street,8,5426.481618,20,0.051076999,-0.127154979,0.142857,0,1,0,,,
7/21/2014,Union Street,8,5718.301699,25,0.536907079,-0.649930693,0.142857,0,1,0,,,
7/22/2014,Union Street,8,5758.861384,78,1.003051986,-0.464409068,0.142857,0,1,0,,,
7/23/2014,Union Street,8,5730.322427,82,0.135329541,1.493449735,0.142857,0,1,0,,,
7/24/2014,Union Street,8,5529.884493,104,-0.507194519,-0.311401542,0.142857,0,1,0,,,
7/25/2014,Union Street,8,5376.182883,224,-0.893811325,-0.129705104,0.142857,0,1,0,,,
7/26/2014,Union Street,8,5261.230222,227,0.876279469,1.156833178,0.142857,0,1,0,,,
7/27/2014,Union Street,8,5313.970158,226,0.920374257,0.353543666,0.142857,0,1,0,,,
7/28/2014,Union Street,8,5354.267284,212,-0.759164739,-0.215771838,0.142857,0,1,0,,,
7/29/2014,Union Street,8,5286.172332,28,-0.945780183,-0.480984883,0.142857,0,1,0,,,
7/30/2014,Union Street,8,5331.791051,11,-0.302468716,-0.204296273,0.142857,0,1,0,,,
7/31/2014,Union Street,8,5402.97015,11,0.080998463,-0.370054427,0.142857,0,1,0,,,
8/1/2014,Union Street,8,5361.761543,11,0.234542815,-0.236810373,0.142857,0,1,0,,,
8/2/2014,Union Street,8,4869.919452,11,0.205408759,-0.213221712,0.142857,0,1,0,,,
8/3/2014,Union Street,8,4917.552489,0,0.331393868,-0.800388094,0.142857,0,1,0,,,
8/4/2014,Union Street,8,5095.165792,0,0.337693124,-0.664593915,0.142857,0,1,0,,,
8/5/2014,Union Street,8,5162.624657,0,0.3463546,0.403908643,0.142857,0,1,0,,,
8/6/2014,Union Street,8,5283.691348,0,0.301472405,1.117306234,0.142857,0,1,0,,,
8/7/2014,Union Street,8,5150.561012,0,0.125093251,0.511651443,0.142857,0,1,0,,,
8/8/2014,Union Street,8,5060.048576,0,-0.715857357,1.587804376,0.142857,0,1,0,,,
8/9/2014,Union Street,8,4842.354695,0,0.240054664,1.74909981,0.142857,0,1,0,,,
8/10/2014,Union Street,8,5090.207937,0,0.420370852,2.428708239,0.142857,0,1,0,,,
8/11/2014,Union Street,8,5144.565937,0,0.574702612,1.590992033,0.142857,0,1,0,,,
8/12/2014,Union Street,8,5212.794342,0,-0.406406431,0.204998859,0.142857,0,1,0,,,
8/13/2014,Union Street,8,5117.233424,0,-0.420579756,-0.501385887,0.142857,0,1,0,,,
8/14/2014,Union Street,8,5239.360087,0,0.261314651,-0.691370232,0.142857,0,1,0,,,
8/15/2014,Union Street,8,5230.503519,0,-1.068615665,-1.790474294,0.142857,0,1,0,,,
8/16/2014,Union Street,8,5209.659505,0,-0.359949422,0.95154808,0.142857,0,1,0,,,
5/11/2014,Willkie,9,9100.242033,5,-0.078845146,0.600905833,0.25,0.75,0,0.25,,,
5/12/2014,Willkie,9,8190.676948,5,0.44163084,0.871219129,0.25,0.75,0,0.25,,,
5/13/2014,Willkie,9,6451.670974,5,-0.307193157,0.750725702,0.25,0.75,0,0.25,,,
5/14/2014,Willkie,9,5985.099107,5,-2.339490461,2.7857258,0.25,0.75,0,0.25,,,
5/15/2014,Willkie,9,5457.388496,5,-3.222173637,0.785152396,0.25,0.75,0,0.25,,,
5/16/2014,Willkie,9,5764.076336,9,-3.296189889,0.298715969,0.25,0.75,0,0.25,,,
5/17/2014,Willkie,9,6116.008867,20,-3.345009119,-0.697745545,0.25,0.75,0,0.25,,,
5/18/2014,Willkie,9,6458.244699,52,-2.885950875,-0.964233653,0.25,0.75,0,0.25,,,
5/19/2014,Willkie,9,6968.777825,59,-1.963897352,-1.777723667,0.25,0.75,0,0.25,,,
5/20/2014,Willkie,9,8649.910208,53,-0.20876729,-0.727709519,0.25,0.75,0,0.25,,,
5/21/2014,Willkie,9,9228.443659,53,0.555804845,0.503363535,0.25,0.75,0,0.25,,,
5/22/2014,Willkie,9,9198.253429,53,-0.276484287,-0.769149057,0.25,0.75,0,0.25,,,
5/23/2014,Willkie,9,8643.976936,52,-0.819007666,-1.349940125,0.25,0.75,0,0.25,,,
5/24/2014,Willkie,9,8557.546728,49,-1.009560145,-1.439194516,0.25,0.75,0,0.25,,,
5/25/2014,Willkie,9,8623.119537,42,-0.389870886,-1.505497777,0.25,0.75,0,0.25,,,
5/26/2014,Willkie,9,9115.78142,5,0.190448027,-0.543462956,0.25,0.75,0,0.25,,,
5/27/2014,Willkie,9,9714.977356,5,0.71407364,-0.360491456,0.25,0.75,0,0.25,,,
5/28/2014,Willkie,9,9799.081812,5,0.504623395,-0.450383378,0.25,0.75,0,0.25,,,
5/29/2014,Willkie,9,9915.198225,7,0.497536732,0.247075929,0.25,0.75,0,0.25,,,
5/30/2014,Willkie,9,8440.817261,7,0.80147581,-0.356666268,0.25,0.75,0,0.25,,,
5/31/2014,Willkie,9,7639.461814,7,0.519584126,-2.729557986,0.25,0.75,0,0.25,,,
6/1/2014,Willkie,9,9212.982994,66,0.476276745,-0.112491758,0.25,0.75,0,0.25,,,
6/2/2014,Willkie,9,9547.804807,70,0.027454791,1.976060974,0.25,0.75,0,0.25,,,
6/3/2014,Willkie,9,9379.206336,70,0.866830585,0.034140455,0.25,0.75,0,0.25,,,
6/4/2014,Willkie,9,12148.89391,81,0.306984253,0.899270509,0.25,0.75,0,0.25,,,
6/5/2014,Willkie,9,10848.88414,84,-0.515855996,-0.989734908,0.25,0.75,0,0.25,,,
6/6/2014,Willkie,9,10366.27351,82,-0.318216854,-1.159318249,0.25,0.75,0,0.25,,,
6/7/2014,Willkie,9,9938.769692,63,-0.126089562,-1.668068273,0.25,0.75,0,0.25,,,
6/8/2014,Willkie,9,10222.19066,124,-0.418217535,0.512288974,0.25,0.75,0,0.25,,,
6/9/2014,Willkie,9,9811.547333,126,-0.414280501,-0.064039374,0.25,0.75,0,0.25,,,
6/10/2014,Willkie,9,10255.83409,122,-0.459950103,2.1290685,0.25,0.75,0,0.25,,,
6/11/2014,Willkie,9,10420.53767,116,-0.13947548,1.586529314,0.25,0.75,0,0.25,,,
6/12/2014,Willkie,9,10278.18915,116,0.141628797,0.206911453,0.25,0.75,0,0.25,,,
6/13/2014,Willkie,9,9928.434899,116,-0.497745636,-1.440469578,0.25,0.75,0,0.25,,,
6/14/2014,Willkie,9,9442.116103,126,-1.138694883,-2.135378759,0.25,0.75,0,0.25,,,
6/15/2014,Willkie,9,10323.90065,134,-0.122939934,-0.9062183,0.25,0.75,0,0.25,,,
6/16/2014,Willkie,9,11095.58644,157,0.979429777,0.600268301,0.25,0.75,0,0.25,,,
6/17/2014,Willkie,9,11131.81542,210,1.363684363,-0.086352972,0.25,0.75,0,0.25,,,
6/18/2014,Willkie,9,11199.97468,221,1.509354646,0.058366646,0.25,0.75,0,0.25,,,
6/19/2014,Willkie,9,11262.9497,222,1.564473131,0.020752296,0.25,0.75,0,0.25,,,
6/20/2014,Willkie,9,11207.52627,223,1.257384426,0.600268301,0.25,0.75,0,0.25,,,
6/21/2014,Willkie,9,10938.80251,200,1.17155707,-0.243185686,0.25,0.75,0,0.25,,,
6/22/2014,Willkie,9,11118.49651,187,1.343999189,-0.520511827,0.25,0.75,0,0.25,,,
6/23/2014,Willkie,9,11195.47513,141,1.300691808,0.183960324,0.25,0.75,0,0.25,,,
6/24/2014,Willkie,9,11118.63796,135,0.62667147,1.328966645,0.25,0.75,0,0.25,,,
6/25/2014,Willkie,9,11704.02245,134,0.970768301,-0.243185686,0.25,0.75,0,0.25,,,
6/26/2014,Willkie,9,11499.31393,147,1.013288276,-0.591277808,0.25,0.75,0,0.25,,,
6/27/2014,Willkie,9,11668.29116,148,1.047934181,0.004176481,0.25,0.75,0,0.25,,,
6/28/2014,Willkie,9,12059.51465,134,0.859743923,1.161933429,0.25,0.75,0,0.25,,,
6/29/2014,Willkie,9,12123.93029,133,0.725097337,1.249912756,0.25,0.75,0,0.25,,,
6/30/2014,Willkie,9,11883.69556,133,1.100690446,1.118581296,0.25,0.75,0,0.25,,,
7/1/2014,Willkie,9,11831.29465,135,1.088091935,0.131045221,0.25,0.75,0,0.25,,,
7/2/2014,Willkie,9,10645.12148,135,0.405410121,0.027765141,0.25,0.75,0,0.25,,,
7/3/2014,Willkie,9,9462.748373,134,-0.805621748,0.071754805,0.25,0.75,0,0.25,,,
7/4/2014,Willkie,9,9569.06143,133,-0.516643402,-0.816963909,0.25,0.75,0,0.25,,,
7/5/2014,Willkie,9,10004.72561,134,-0.380422002,-1.203945444,0.25,0.75,0,0.25,,,
7/6/2014,Willkie,9,10703.14251,125,0.542418928,-0.526887141,0.25,0.75,0,0.25,,,
7/7/2014,Willkie,9,11228.6807,129,0.621947028,1.023589124,0.25,0.75,0,0.25,,,
7/8/2014,Willkie,9,11045.12394,129,0.736908441,0.406458768,0.25,0.75,0,0.25,,,
7/9/2014,Willkie,9,10469.0485,128,0.267613907,-0.309488948,0.25,0.75,0,0.25,,,
7/10/2014,Willkie,9,10054.23446,126,-0.011128149,-0.807400939,0.25,0.75,0,0.25,,,
7/11/2014,Willkie,9,10091.15269,168,0.109345112,-0.981447,0.25,0.75,0,0.25,,,
7/12/2014,Willkie,9,10523.26283,155,0.602261855,0.780052145,0.25,0.75,0,0.25,,,
7/13/2014,Willkie,9,11765.60302,183,1.595969409,0.227312457,0.25,0.75,0,0.25,,,
7/14/2014,Willkie,9,11247.94058,224,0.754231394,0.48678772,0.25,0.75,0,0.25,,,
7/15/2014,Willkie,9,9906.399012,225,-0.979638681,0.134232878,0.25,0.75,0,0.25,,,
7/16/2014,Willkie,9,9599.328387,222,-1.061529003,-0.489910322,0.25,0.75,0,0.25,,,
7/17/2014,Willkie,9,9789.036515,223,-0.862315048,-0.607216092,0.25,0.75,0,0.25,,,
7/18/2014,Willkie,9,9651.259388,208,-0.417430128,-0.92534424,0.25,0.75,0,0.25,,,
7/19/2014,Willkie,9,9562.339826,183,-0.87727578,0.999362932,0.25,0.75,0,0.25,,,
7/20/2014,Willkie,9,10043.51981,106,0.051076999,-0.127154979,0.25,0.75,0,0.25,,,
7/21/2014,Willkie,9,10414.27063,106,0.536907079,-0.649930693,0.25,0.75,0,0.25,,,
7/22/2014,Willkie,9,11671.65448,106,1.003051986,-0.464409068,0.25,0.75,0,0.25,,,
7/23/2014,Willkie,9,11791.83083,106,0.135329541,1.493449735,0.25,0.75,0,0.25,,,
7/24/2014,Willkie,9,11031.92962,106,-0.507194519,-0.311401542,0.25,0.75,0,0.25,,,
7/25/2014,Willkie,9,10690.11687,106,-0.893811325,-0.129705104,0.25,0.75,0,0.25,,,
7/26/2014,Willkie,9,11681.44865,106,0.876279469,1.156833178,0.25,0.75,0,0.25,,,
7/27/2014,Willkie,9,11917.52244,117,0.920374257,0.353543666,0.25,0.75,0,0.25,,,
7/28/2014,Willkie,9,10869.8883,117,-0.759164739,-0.215771838,0.25,0.75,0,0.25,,,
7/29/2014,Willkie,9,10526.4076,117,-0.945780183,-0.480984883,0.25,0.75,0,0.25,,,
7/30/2014,Willkie,9,10821.51969,117,-0.302468716,-0.204296273,0.25,0.75,0,0.25,,,
7/31/2014,Willkie,9,11182.47997,117,0.080998463,-0.370054427,0.25,0.75,0,0.25,,,
8/1/2014,Willkie,9,11173.53775,106,0.234542815,-0.236810373,0.25,0.75,0,0.25,,,
8/2/2014,Willkie,9,10879.10678,106,0.205408759,-0.213221712,0.25,0.75,0,0.25,,,
8/3/2014,Willkie,9,10853.12658,4,0.331393868,-0.800388094,0.25,0.75,0,0.25,,,
8/4/2014,Willkie,9,10856.52392,4,0.337693124,-0.664593915,0.25,0.75,0,0.25,,,
8/5/2014,Willkie,9,11045.76493,4,0.3463546,0.403908643,0.25,0.75,0,0.25,,,
8/6/2014,Willkie,9,11451.9942,4,0.301472405,1.117306234,0.25,0.75,0,0.25,,,
8/7/2014,Willkie,9,11089.21804,4,0.125093251,0.511651443,0.25,0.75,0,0.25,,,
8/8/2014,Willkie,9,11003.25159,4,-0.715857357,1.587804376,0.25,0.75,0,0.25,,,
8/9/2014,Willkie,9,11293.91047,4,0.240054664,1.74909981,0.25,0.75,0,0.25,,,
8/10/2014,Willkie,9,11972.5916,0,0.420370852,2.428708239,0.25,0.75,0,0.25,,,
8/11/2014,Willkie,9,12108.91995,0,0.574702612,1.590992033,0.25,0.75,0,0.25,,,
8/12/2014,Willkie,9,10901.65236,0,-0.406406431,0.204998859,0.25,0.75,0,0.25,,,
8/13/2014,Willkie,9,10831.05389,0,-0.420579756,-0.501385887,0.25,0.75,0,0.25,,,
8/14/2014,Willkie,9,11528.15827,0,0.261314651,-0.691370232,0.25,0.75,0,0.25,,,
8/15/2014,Willkie,9,10826.69011,0,-1.068615665,-1.790474294,0.25,0.75,0,0.25,,,
8/16/2014,Willkie,9,11408.68898,0,-0.359949422,0.95154808,0.25,0.75,0,0.25,,,
